-- MySQL dump 10.13  Distrib 9.1.0, for Win64 (x86_64)
--
-- Host: 127.0.0.1    Database: dorm-myproject
-- ------------------------------------------------------
-- Server version	9.1.0

/*!40101 SET @OLD_CHARACTER_SET_CLIENT=@@CHARACTER_SET_CLIENT */;
/*!40101 SET @OLD_CHARACTER_SET_RESULTS=@@CHARACTER_SET_RESULTS */;
/*!40101 SET @OLD_COLLATION_CONNECTION=@@COLLATION_CONNECTION */;
/*!50503 SET NAMES utf8mb4 */;
/*!40103 SET @OLD_TIME_ZONE=@@TIME_ZONE */;
/*!40103 SET TIME_ZONE='+00:00' */;
/*!40014 SET @OLD_UNIQUE_CHECKS=@@UNIQUE_CHECKS, UNIQUE_CHECKS=0 */;
/*!40014 SET @OLD_FOREIGN_KEY_CHECKS=@@FOREIGN_KEY_CHECKS, FOREIGN_KEY_CHECKS=0 */;
/*!40101 SET @OLD_SQL_MODE=@@SQL_MODE, SQL_MODE='NO_AUTO_VALUE_ON_ZERO' */;
/*!40111 SET @OLD_SQL_NOTES=@@SQL_NOTES, SQL_NOTES=0 */;

--
-- Dumping data for table `building`
--

INSERT INTO `building` VALUES (1,'思远楼','B01',0,1,'主要容纳计算机学院男生','2025-11-12 15:13:04','2025-12-07 16:13:44');
INSERT INTO `building` VALUES (2,'明德楼','B02',0,1,'机电学院男生专用','2025-11-12 15:13:04','2025-11-12 15:13:04');
INSERT INTO `building` VALUES (3,'静姝楼','B03',1,1,'信息工程学院女生宿舍','2025-11-12 15:13:04','2025-11-19 16:49:39');
INSERT INTO `building` VALUES (4,'兰蕙楼','B04',1,1,'文法学院女生宿舍','2025-11-12 15:13:04','2025-11-12 15:13:04');
INSERT INTO `building` VALUES (5,'弘毅楼','B05',0,1,'维修中，暂时停用','2025-11-12 15:13:04','2025-11-30 10:23:25');
INSERT INTO `building` VALUES (7,'思远楼测试','B06',0,1,'主要容纳计算机学院男生','2025-11-12 17:36:55','2025-11-30 10:22:45');
INSERT INTO `building` VALUES (11,'明德楼测试','B07',0,1,'男生宿舍','2025-11-19 18:46:45','2025-11-29 16:09:28');
INSERT INTO `building` VALUES (15,'静姝楼测试','B08',1,1,'静姝楼cs','2025-11-29 17:25:04','2025-11-29 17:25:04');
INSERT INTO `building` VALUES (16,'兰蕙楼测试','B09',1,1,'兰蕙楼cs','2025-11-29 17:43:38','2025-12-05 18:36:04');
INSERT INTO `building` VALUES (17,'弘毅楼测试','B10',0,1,'弘毅楼cs','2025-11-29 17:45:13','2025-12-06 20:35:42');

--
-- Dumping data for table `class`
--

INSERT INTO `class` VALUES (1,'COMP2301','计算机科学与技术2301班','080901',2023,'张伟','2025-11-22 17:44:19','2025-11-22 17:44:19');
INSERT INTO `class` VALUES (2,'COMP2302','计算机科学与技术2302班','080901',2023,'李娜','2025-11-22 17:44:19','2025-11-22 17:44:19');
INSERT INTO `class` VALUES (3,'SE2301','软件工程2301班','080902',2023,'王强','2025-11-22 17:44:19','2025-11-22 17:44:19');
INSERT INTO `class` VALUES (4,'NET2301','网络工程2301班','080903',2023,'赵敏','2025-11-22 17:44:19','2025-11-22 17:44:19');
INSERT INTO `class` VALUES (5,'EIE2301','电子信息工程2301班','080701',2023,'刘洋','2025-11-22 17:44:19','2025-11-22 17:44:19');
INSERT INTO `class` VALUES (6,'COMM2301','通信工程2301班','080703',2023,'陈静','2025-11-22 17:44:19','2025-11-22 17:44:19');
INSERT INTO `class` VALUES (7,'BM2301','工商管理2301班','120201',2023,'杨帆','2025-11-22 17:44:19','2025-11-22 17:44:19');
INSERT INTO `class` VALUES (8,'MKT2301','市场营销2301班','120202',2023,'周婷','2025-11-22 17:44:19','2025-11-22 17:44:19');
INSERT INTO `class` VALUES (9,'FIN2301','金融学2301班','020301',2023,'吴磊','2025-11-22 17:44:19','2025-11-22 17:44:19');
INSERT INTO `class` VALUES (10,'CHI2301','汉语言文学2301班','050101',2023,'郑洁','2025-11-22 17:44:19','2025-12-07 17:00:19');
INSERT INTO `class` VALUES (11,'LAW2301','法学2301班','030101',2023,'黄浩','2025-11-22 17:44:19','2025-11-22 17:44:19');
INSERT INTO `class` VALUES (12,'CIVIL2301','土木工程2301班','081001',2023,'徐明','2025-11-22 17:44:19','2025-11-22 17:44:19');
INSERT INTO `class` VALUES (13,'ENV2301','环境工程2301班','082502',2023,'孙莉','2025-11-22 17:44:19','2025-11-22 17:44:19');
INSERT INTO `class` VALUES (14,'ART2301','艺术设计2301班','130501',2023,'胡蝶','2025-11-22 17:44:19','2025-11-22 17:44:19');
INSERT INTO `class` VALUES (15,'EDU2301','教育学2301班','040101',2023,'郭峰','2025-11-22 17:44:19','2025-11-22 17:44:19');
INSERT INTO `class` VALUES (16,'MATH2301','数学与应用数学2301班','070101',2023,'何芳','2025-11-22 17:44:19','2025-11-22 17:44:19');
INSERT INTO `class` VALUES (17,'COMP2201','计算机科学与技术2201班','080901',2022,'张伟','2025-11-22 17:44:19','2025-11-22 17:44:19');
INSERT INTO `class` VALUES (24,'JSJYY2301','计算机应用技术2301班','510201',2005,'张三','2025-11-29 12:09:23','2025-11-29 12:09:23');

--
-- Dumping data for table `department`
--

INSERT INTO `department` VALUES (1,'HR','人力资源部','2025-01-01 00:00:00','2025-12-07 16:57:25');
INSERT INTO `department` VALUES (2,'FIN','财务部','2025-01-01 00:00:00','2025-01-01 00:00:00');
INSERT INTO `department` VALUES (3,'SGB','宿管部','2025-01-01 00:00:00','2025-11-08 11:40:03');
INSERT INTO `department` VALUES (4,'HQB','后勤保障部','2025-01-01 00:00:00','2025-01-01 00:00:00');
INSERT INTO `department` VALUES (5,'WBB','保卫部','2025-01-01 00:00:00','2025-01-01 00:00:00');
INSERT INTO `department` VALUES (6,'ITC','信息技术中心','2025-01-01 00:00:00','2025-01-01 00:00:00');

--
-- Dumping data for table `dorm_room`
--

INSERT INTO `dorm_room` VALUES (1,1,1,1,'B01-1-01',9,5,1,'2025-01-01 08:00:00','2025-12-07 12:20:04');
INSERT INTO `dorm_room` VALUES (2,1,1,2,'B01-1-02',6,0,1,'2025-01-01 08:00:00','2025-12-07 12:20:26');
INSERT INTO `dorm_room` VALUES (3,1,1,3,'B01-1-03',6,0,1,'2025-01-01 08:00:00','2025-01-01 08:00:00');
INSERT INTO `dorm_room` VALUES (4,1,1,4,'B01-1-04',6,0,1,'2025-01-01 08:00:00','2025-01-01 08:00:00');
INSERT INTO `dorm_room` VALUES (5,1,1,5,'B01-1-05',6,0,1,'2025-01-01 08:00:00','2025-01-01 08:00:00');
INSERT INTO `dorm_room` VALUES (6,1,1,6,'B01-1-06',6,0,1,'2025-01-01 08:00:00','2025-01-01 08:00:00');
INSERT INTO `dorm_room` VALUES (7,1,1,7,'B01-1-07',6,0,1,'2025-01-01 08:00:00','2025-01-01 08:00:00');
INSERT INTO `dorm_room` VALUES (8,1,1,8,'B01-1-08',6,0,1,'2025-01-01 08:00:00','2025-01-01 08:00:00');
INSERT INTO `dorm_room` VALUES (9,1,1,9,'B01-1-09',6,0,1,'2025-01-01 08:00:00','2025-01-01 08:00:00');
INSERT INTO `dorm_room` VALUES (10,1,1,10,'B01-1-10',6,0,1,'2025-01-01 08:00:00','2025-01-01 08:00:00');
INSERT INTO `dorm_room` VALUES (11,1,1,11,'B01-1-11',6,0,1,'2025-01-01 08:00:00','2025-01-01 08:00:00');
INSERT INTO `dorm_room` VALUES (12,1,1,12,'B01-1-12',6,0,1,'2025-01-01 08:00:00','2025-01-01 08:00:00');
INSERT INTO `dorm_room` VALUES (13,1,1,13,'B01-1-13',6,0,1,'2025-01-01 08:00:00','2025-01-01 08:00:00');
INSERT INTO `dorm_room` VALUES (14,1,1,14,'B01-1-14',6,0,1,'2025-01-01 08:00:00','2025-01-01 08:00:00');
INSERT INTO `dorm_room` VALUES (15,1,1,15,'B01-1-15',6,0,1,'2025-01-01 08:00:00','2025-01-01 08:00:00');
INSERT INTO `dorm_room` VALUES (16,1,1,16,'B01-1-16',6,0,1,'2025-01-01 08:00:00','2025-01-01 08:00:00');
INSERT INTO `dorm_room` VALUES (17,1,1,17,'B01-1-17',6,0,1,'2025-01-01 08:00:00','2025-01-01 08:00:00');
INSERT INTO `dorm_room` VALUES (18,1,1,18,'B01-1-18',6,0,1,'2025-01-01 08:00:00','2025-01-01 08:00:00');
INSERT INTO `dorm_room` VALUES (19,1,1,19,'B01-1-19',6,0,1,'2025-01-01 08:00:00','2025-01-01 08:00:00');
INSERT INTO `dorm_room` VALUES (20,1,1,20,'B01-1-20',6,0,1,'2025-01-01 08:00:00','2025-01-01 08:00:00');
INSERT INTO `dorm_room` VALUES (32,1,2,1,'B01-2-01',6,6,1,'2025-01-01 08:00:00','2025-01-01 08:00:00');
INSERT INTO `dorm_room` VALUES (33,1,2,2,'B01-2-02',6,6,1,'2025-01-01 08:00:00','2025-01-01 08:00:00');
INSERT INTO `dorm_room` VALUES (34,1,2,3,'B01-2-03',6,6,1,'2025-01-01 08:00:00','2025-01-01 08:00:00');
INSERT INTO `dorm_room` VALUES (35,1,2,4,'B01-2-04',6,6,1,'2025-01-01 08:00:00','2025-01-01 08:00:00');
INSERT INTO `dorm_room` VALUES (36,1,2,5,'B01-2-05',6,6,1,'2025-01-01 08:00:00','2025-01-01 08:00:00');
INSERT INTO `dorm_room` VALUES (37,1,2,6,'B01-2-06',6,6,1,'2025-01-01 08:00:00','2025-01-01 08:00:00');
INSERT INTO `dorm_room` VALUES (38,1,2,7,'B01-2-07',6,6,1,'2025-01-01 08:00:00','2025-01-01 08:00:00');
INSERT INTO `dorm_room` VALUES (39,1,2,8,'B01-2-08',6,6,1,'2025-01-01 08:00:00','2025-01-01 08:00:00');
INSERT INTO `dorm_room` VALUES (40,1,2,9,'B01-2-09',6,6,1,'2025-01-01 08:00:00','2025-01-01 08:00:00');
INSERT INTO `dorm_room` VALUES (41,1,2,10,'B01-2-10',6,6,1,'2025-01-01 08:00:00','2025-01-01 08:00:00');
INSERT INTO `dorm_room` VALUES (42,1,2,11,'B01-2-11',6,6,1,'2025-01-01 08:00:00','2025-01-01 08:00:00');
INSERT INTO `dorm_room` VALUES (43,1,2,12,'B01-2-12',6,6,1,'2025-01-01 08:00:00','2025-01-01 08:00:00');
INSERT INTO `dorm_room` VALUES (44,1,2,13,'B01-2-13',6,6,1,'2025-01-01 08:00:00','2025-01-01 08:00:00');
INSERT INTO `dorm_room` VALUES (45,1,2,14,'B01-2-14',6,6,1,'2025-01-01 08:00:00','2025-01-01 08:00:00');
INSERT INTO `dorm_room` VALUES (46,1,2,15,'B01-2-15',6,6,1,'2025-01-01 08:00:00','2025-01-01 08:00:00');
INSERT INTO `dorm_room` VALUES (47,1,2,16,'B01-2-16',6,6,1,'2025-01-01 08:00:00','2025-01-01 08:00:00');
INSERT INTO `dorm_room` VALUES (48,1,2,17,'B01-2-17',6,6,1,'2025-01-01 08:00:00','2025-01-01 08:00:00');
INSERT INTO `dorm_room` VALUES (49,1,2,18,'B01-2-18',6,6,1,'2025-01-01 08:00:00','2025-01-01 08:00:00');
INSERT INTO `dorm_room` VALUES (50,1,2,19,'B01-2-19',6,6,1,'2025-01-01 08:00:00','2025-01-01 08:00:00');
INSERT INTO `dorm_room` VALUES (63,1,3,1,'B01-3-01',6,6,1,'2025-01-01 08:00:00','2025-01-01 08:00:00');
INSERT INTO `dorm_room` VALUES (64,1,3,2,'B01-3-02',6,6,1,'2025-01-01 08:00:00','2025-01-01 08:00:00');
INSERT INTO `dorm_room` VALUES (65,1,3,3,'B01-3-03',6,6,1,'2025-01-01 08:00:00','2025-01-01 08:00:00');
INSERT INTO `dorm_room` VALUES (66,1,3,4,'B01-3-04',6,6,1,'2025-01-01 08:00:00','2025-01-01 08:00:00');
INSERT INTO `dorm_room` VALUES (67,1,3,5,'B01-3-05',6,6,1,'2025-01-01 08:00:00','2025-01-01 08:00:00');
INSERT INTO `dorm_room` VALUES (68,1,3,6,'B01-3-06',6,6,1,'2025-01-01 08:00:00','2025-01-01 08:00:00');
INSERT INTO `dorm_room` VALUES (69,1,3,7,'B01-3-07',6,6,1,'2025-01-01 08:00:00','2025-01-01 08:00:00');
INSERT INTO `dorm_room` VALUES (70,1,3,8,'B01-3-08',6,6,1,'2025-01-01 08:00:00','2025-01-01 08:00:00');
INSERT INTO `dorm_room` VALUES (71,1,3,9,'B01-3-09',6,6,1,'2025-01-01 08:00:00','2025-01-01 08:00:00');
INSERT INTO `dorm_room` VALUES (72,1,3,10,'B01-3-10',6,6,1,'2025-01-01 08:00:00','2025-01-01 08:00:00');
INSERT INTO `dorm_room` VALUES (73,1,3,11,'B01-3-11',6,6,1,'2025-01-01 08:00:00','2025-01-01 08:00:00');
INSERT INTO `dorm_room` VALUES (74,1,3,12,'B01-3-12',6,6,0,'2025-01-01 08:00:00','2025-01-01 08:00:00');
INSERT INTO `dorm_room` VALUES (75,1,3,13,'B01-3-13',6,6,1,'2025-01-01 08:00:00','2025-01-01 08:00:00');
INSERT INTO `dorm_room` VALUES (76,1,3,14,'B01-3-14',6,6,1,'2025-01-01 08:00:00','2025-01-01 08:00:00');
INSERT INTO `dorm_room` VALUES (77,1,3,15,'B01-3-15',6,6,1,'2025-01-01 08:00:00','2025-01-01 08:00:00');
INSERT INTO `dorm_room` VALUES (78,1,3,16,'B01-3-16',6,6,1,'2025-01-01 08:00:00','2025-01-01 08:00:00');
INSERT INTO `dorm_room` VALUES (79,1,3,17,'B01-3-17',6,6,1,'2025-01-01 08:00:00','2025-01-01 08:00:00');
INSERT INTO `dorm_room` VALUES (80,1,3,18,'B01-3-18',6,6,1,'2025-01-01 08:00:00','2025-01-01 08:00:00');
INSERT INTO `dorm_room` VALUES (81,1,3,19,'B01-3-19',6,6,1,'2025-01-01 08:00:00','2025-01-01 08:00:00');
INSERT INTO `dorm_room` VALUES (82,1,3,20,'B01-3-20',6,6,1,'2025-01-01 08:00:00','2025-01-01 08:00:00');
INSERT INTO `dorm_room` VALUES (94,1,4,1,'B01-4-01',6,0,1,'2025-01-01 08:00:00','2025-01-01 08:00:00');
INSERT INTO `dorm_room` VALUES (95,1,4,2,'B01-4-02',6,0,1,'2025-01-01 08:00:00','2025-01-01 08:00:00');
INSERT INTO `dorm_room` VALUES (96,1,4,3,'B01-4-03',6,0,1,'2025-01-01 08:00:00','2025-01-01 08:00:00');
INSERT INTO `dorm_room` VALUES (97,1,4,4,'B01-4-04',6,0,1,'2025-01-01 08:00:00','2025-01-01 08:00:00');
INSERT INTO `dorm_room` VALUES (98,1,4,5,'B01-4-05',6,0,1,'2025-01-01 08:00:00','2025-01-01 08:00:00');
INSERT INTO `dorm_room` VALUES (99,1,4,6,'B01-4-06',6,0,1,'2025-01-01 08:00:00','2025-01-01 08:00:00');
INSERT INTO `dorm_room` VALUES (100,1,4,7,'B01-4-07',6,2,1,'2025-01-01 08:00:00','2025-01-01 08:00:00');
INSERT INTO `dorm_room` VALUES (101,1,4,8,'B01-4-08',6,6,1,'2025-01-01 08:00:00','2025-01-01 08:00:00');
INSERT INTO `dorm_room` VALUES (102,1,4,9,'B01-4-09',6,6,1,'2025-01-01 08:00:00','2025-01-01 08:00:00');
INSERT INTO `dorm_room` VALUES (103,1,4,10,'B01-4-10',6,6,1,'2025-01-01 08:00:00','2025-01-01 08:00:00');
INSERT INTO `dorm_room` VALUES (104,1,4,11,'B01-4-11',6,6,1,'2025-01-01 08:00:00','2025-01-01 08:00:00');
INSERT INTO `dorm_room` VALUES (105,1,4,12,'B01-4-12',6,6,1,'2025-01-01 08:00:00','2025-01-01 08:00:00');
INSERT INTO `dorm_room` VALUES (106,1,4,13,'B01-4-13',6,6,1,'2025-01-01 08:00:00','2025-01-01 08:00:00');
INSERT INTO `dorm_room` VALUES (107,1,4,14,'B01-4-14',6,6,1,'2025-01-01 08:00:00','2025-01-01 08:00:00');
INSERT INTO `dorm_room` VALUES (108,1,4,15,'B01-4-15',6,6,1,'2025-01-01 08:00:00','2025-01-01 08:00:00');
INSERT INTO `dorm_room` VALUES (109,1,4,16,'B01-4-16',6,6,1,'2025-01-01 08:00:00','2025-01-01 08:00:00');
INSERT INTO `dorm_room` VALUES (110,1,4,17,'B01-4-17',6,6,1,'2025-01-01 08:00:00','2025-01-01 08:00:00');
INSERT INTO `dorm_room` VALUES (111,1,4,18,'B01-4-18',6,6,1,'2025-01-01 08:00:00','2025-01-01 08:00:00');
INSERT INTO `dorm_room` VALUES (112,1,4,19,'B01-4-19',6,6,1,'2025-01-01 08:00:00','2025-01-01 08:00:00');
INSERT INTO `dorm_room` VALUES (125,1,5,1,'B01-5-01',6,6,1,'2025-01-01 08:00:00','2025-01-01 08:00:00');
INSERT INTO `dorm_room` VALUES (126,1,5,2,'B01-5-02',6,6,1,'2025-01-01 08:00:00','2025-01-01 08:00:00');
INSERT INTO `dorm_room` VALUES (127,1,5,3,'B01-5-03',6,6,1,'2025-01-01 08:00:00','2025-01-01 08:00:00');
INSERT INTO `dorm_room` VALUES (128,1,5,4,'B01-5-04',6,6,1,'2025-01-01 08:00:00','2025-01-01 08:00:00');
INSERT INTO `dorm_room` VALUES (129,1,5,5,'B01-5-05',6,6,1,'2025-01-01 08:00:00','2025-01-01 08:00:00');
INSERT INTO `dorm_room` VALUES (130,1,5,6,'B01-5-06',6,6,1,'2025-01-01 08:00:00','2025-01-01 08:00:00');
INSERT INTO `dorm_room` VALUES (131,1,5,7,'B01-5-07',6,6,1,'2025-01-01 08:00:00','2025-01-01 08:00:00');
INSERT INTO `dorm_room` VALUES (132,1,5,8,'B01-5-08',6,6,1,'2025-01-01 08:00:00','2025-01-01 08:00:00');
INSERT INTO `dorm_room` VALUES (133,1,5,9,'B01-5-09',6,6,1,'2025-01-01 08:00:00','2025-01-01 08:00:00');
INSERT INTO `dorm_room` VALUES (134,1,5,10,'B01-5-10',6,6,1,'2025-01-01 08:00:00','2025-01-01 08:00:00');
INSERT INTO `dorm_room` VALUES (135,1,5,11,'B01-5-11',6,6,1,'2025-01-01 08:00:00','2025-01-01 08:00:00');
INSERT INTO `dorm_room` VALUES (136,1,5,12,'B01-5-12',6,6,1,'2025-01-01 08:00:00','2025-01-01 08:00:00');
INSERT INTO `dorm_room` VALUES (137,1,5,13,'B01-5-13',6,6,1,'2025-01-01 08:00:00','2025-01-01 08:00:00');
INSERT INTO `dorm_room` VALUES (138,1,5,14,'B01-5-14',6,6,1,'2025-01-01 08:00:00','2025-01-01 08:00:00');
INSERT INTO `dorm_room` VALUES (139,1,5,15,'B01-5-15',6,6,1,'2025-01-01 08:00:00','2025-01-01 08:00:00');
INSERT INTO `dorm_room` VALUES (140,1,5,16,'B01-5-16',6,6,1,'2025-01-01 08:00:00','2025-01-01 08:00:00');
INSERT INTO `dorm_room` VALUES (141,1,5,17,'B01-5-17',6,6,1,'2025-01-01 08:00:00','2025-01-01 08:00:00');
INSERT INTO `dorm_room` VALUES (142,1,5,18,'B01-5-18',6,6,1,'2025-01-01 08:00:00','2025-01-01 08:00:00');
INSERT INTO `dorm_room` VALUES (143,1,5,19,'B01-5-19',6,6,1,'2025-01-01 08:00:00','2025-01-01 08:00:00');
INSERT INTO `dorm_room` VALUES (144,1,5,20,'B01-5-20',6,6,1,'2025-01-01 08:00:00','2025-01-01 08:00:00');
INSERT INTO `dorm_room` VALUES (156,1,6,1,'B01-6-01',6,6,1,'2025-01-01 08:00:00','2025-01-01 08:00:00');
INSERT INTO `dorm_room` VALUES (157,1,6,2,'B01-6-02',6,6,1,'2025-01-01 08:00:00','2025-01-01 08:00:00');
INSERT INTO `dorm_room` VALUES (158,1,6,3,'B01-6-03',6,6,1,'2025-01-01 08:00:00','2025-01-01 08:00:00');
INSERT INTO `dorm_room` VALUES (159,1,6,4,'B01-6-04',6,6,1,'2025-01-01 08:00:00','2025-01-01 08:00:00');
INSERT INTO `dorm_room` VALUES (160,1,6,5,'B01-6-05',6,6,1,'2025-01-01 08:00:00','2025-01-01 08:00:00');
INSERT INTO `dorm_room` VALUES (161,1,6,6,'B01-6-06',6,6,1,'2025-01-01 08:00:00','2025-01-01 08:00:00');
INSERT INTO `dorm_room` VALUES (162,1,6,7,'B01-6-07',6,6,1,'2025-01-01 08:00:00','2025-01-01 08:00:00');
INSERT INTO `dorm_room` VALUES (163,1,6,8,'B01-6-08',6,6,1,'2025-01-01 08:00:00','2025-01-01 08:00:00');
INSERT INTO `dorm_room` VALUES (164,1,6,9,'B01-6-09',6,6,1,'2025-01-01 08:00:00','2025-01-01 08:00:00');
INSERT INTO `dorm_room` VALUES (165,1,6,10,'B01-6-10',6,6,1,'2025-01-01 08:00:00','2025-01-01 08:00:00');
INSERT INTO `dorm_room` VALUES (166,1,6,11,'B01-6-11',6,6,1,'2025-01-01 08:00:00','2025-01-01 08:00:00');
INSERT INTO `dorm_room` VALUES (167,1,6,12,'B01-6-12',6,6,1,'2025-01-01 08:00:00','2025-01-01 08:00:00');
INSERT INTO `dorm_room` VALUES (168,1,6,13,'B01-6-13',6,6,1,'2025-01-01 08:00:00','2025-01-01 08:00:00');
INSERT INTO `dorm_room` VALUES (169,1,6,14,'B01-6-14',6,6,1,'2025-01-01 08:00:00','2025-01-01 08:00:00');
INSERT INTO `dorm_room` VALUES (170,1,6,15,'B01-6-15',6,6,1,'2025-01-01 08:00:00','2025-01-01 08:00:00');
INSERT INTO `dorm_room` VALUES (171,1,6,16,'B01-6-16',6,6,1,'2025-01-01 08:00:00','2025-01-01 08:00:00');
INSERT INTO `dorm_room` VALUES (172,1,6,17,'B01-6-17',6,6,1,'2025-01-01 08:00:00','2025-01-01 08:00:00');
INSERT INTO `dorm_room` VALUES (173,1,6,18,'B01-6-18',6,6,1,'2025-01-01 08:00:00','2025-01-01 08:00:00');
INSERT INTO `dorm_room` VALUES (174,1,6,19,'B01-6-19',6,6,1,'2025-01-01 08:00:00','2025-01-01 08:00:00');
INSERT INTO `dorm_room` VALUES (175,1,6,20,'B01-6-20',6,6,1,'2025-01-01 08:00:00','2025-01-01 08:00:00');
INSERT INTO `dorm_room` VALUES (187,2,7,1,'B02-1-01',6,6,0,'2025-01-01 08:00:00','2025-01-01 08:00:00');
INSERT INTO `dorm_room` VALUES (188,2,7,2,'B02-1-02',6,6,0,'2025-01-01 08:00:00','2025-01-01 08:00:00');
INSERT INTO `dorm_room` VALUES (189,2,7,3,'B02-1-03',6,6,0,'2025-01-01 08:00:00','2025-01-01 08:00:00');
INSERT INTO `dorm_room` VALUES (190,2,7,4,'B02-1-04',6,6,0,'2025-01-01 08:00:00','2025-01-01 08:00:00');
INSERT INTO `dorm_room` VALUES (191,2,7,5,'B02-1-05',6,6,1,'2025-01-01 08:00:00','2025-01-01 08:00:00');
INSERT INTO `dorm_room` VALUES (192,2,7,6,'B02-1-06',6,6,1,'2025-01-01 08:00:00','2025-01-01 08:00:00');
INSERT INTO `dorm_room` VALUES (193,2,7,7,'B02-1-07',6,6,1,'2025-01-01 08:00:00','2025-01-01 08:00:00');
INSERT INTO `dorm_room` VALUES (194,2,7,8,'B02-1-08',6,6,1,'2025-01-01 08:00:00','2025-01-01 08:00:00');
INSERT INTO `dorm_room` VALUES (195,2,7,9,'B02-1-09',6,6,1,'2025-01-01 08:00:00','2025-01-01 08:00:00');
INSERT INTO `dorm_room` VALUES (196,2,7,10,'B02-1-10',6,6,1,'2025-01-01 08:00:00','2025-01-01 08:00:00');
INSERT INTO `dorm_room` VALUES (197,2,7,11,'B02-1-11',6,6,1,'2025-01-01 08:00:00','2025-01-01 08:00:00');
INSERT INTO `dorm_room` VALUES (198,2,7,12,'B02-1-12',6,6,1,'2025-01-01 08:00:00','2025-01-01 08:00:00');
INSERT INTO `dorm_room` VALUES (199,2,7,13,'B02-1-13',6,6,1,'2025-01-01 08:00:00','2025-01-01 08:00:00');
INSERT INTO `dorm_room` VALUES (200,2,7,14,'B02-1-14',6,6,1,'2025-01-01 08:00:00','2025-01-01 08:00:00');
INSERT INTO `dorm_room` VALUES (201,2,7,15,'B02-1-15',6,6,1,'2025-01-01 08:00:00','2025-01-01 08:00:00');
INSERT INTO `dorm_room` VALUES (202,2,7,16,'B02-1-16',6,6,1,'2025-01-01 08:00:00','2025-01-01 08:00:00');
INSERT INTO `dorm_room` VALUES (203,2,7,17,'B02-1-17',6,6,1,'2025-01-01 08:00:00','2025-01-01 08:00:00');
INSERT INTO `dorm_room` VALUES (204,2,7,18,'B02-1-18',6,6,1,'2025-01-01 08:00:00','2025-01-01 08:00:00');
INSERT INTO `dorm_room` VALUES (218,2,8,1,'B02-2-01',6,1,1,'2025-01-01 08:00:00','2025-01-01 08:00:00');
INSERT INTO `dorm_room` VALUES (219,2,8,2,'B02-2-02',6,0,1,'2025-01-01 08:00:00','2025-01-01 08:00:00');
INSERT INTO `dorm_room` VALUES (220,2,8,3,'B02-2-03',6,0,1,'2025-01-01 08:00:00','2025-01-01 08:00:00');
INSERT INTO `dorm_room` VALUES (221,2,8,4,'B02-2-04',6,0,1,'2025-01-01 08:00:00','2025-01-01 08:00:00');
INSERT INTO `dorm_room` VALUES (222,2,8,5,'B02-2-05',6,0,1,'2025-01-01 08:00:00','2025-01-01 08:00:00');
INSERT INTO `dorm_room` VALUES (223,2,8,6,'B02-2-06',6,0,1,'2025-01-01 08:00:00','2025-01-01 08:00:00');
INSERT INTO `dorm_room` VALUES (224,2,8,7,'B02-2-07',6,0,1,'2025-01-01 08:00:00','2025-01-01 08:00:00');
INSERT INTO `dorm_room` VALUES (225,2,8,8,'B02-2-08',6,0,1,'2025-01-01 08:00:00','2025-01-01 08:00:00');
INSERT INTO `dorm_room` VALUES (226,2,8,9,'B02-2-09',6,0,1,'2025-01-01 08:00:00','2025-01-01 08:00:00');
INSERT INTO `dorm_room` VALUES (227,2,8,10,'B02-2-10',6,0,1,'2025-01-01 08:00:00','2025-01-01 08:00:00');
INSERT INTO `dorm_room` VALUES (228,2,8,11,'B02-2-11',6,0,1,'2025-01-01 08:00:00','2025-01-01 08:00:00');
INSERT INTO `dorm_room` VALUES (229,2,8,12,'B02-2-12',6,0,1,'2025-01-01 08:00:00','2025-01-01 08:00:00');
INSERT INTO `dorm_room` VALUES (230,2,8,13,'B02-2-13',6,0,1,'2025-01-01 08:00:00','2025-01-01 08:00:00');
INSERT INTO `dorm_room` VALUES (231,2,8,14,'B02-2-14',6,4,1,'2025-01-01 08:00:00','2025-01-01 08:00:00');
INSERT INTO `dorm_room` VALUES (232,2,8,15,'B02-2-15',6,6,1,'2025-01-01 08:00:00','2025-01-01 08:00:00');
INSERT INTO `dorm_room` VALUES (233,2,8,16,'B02-2-16',6,6,1,'2025-01-01 08:00:00','2025-01-01 08:00:00');
INSERT INTO `dorm_room` VALUES (234,2,8,17,'B02-2-17',6,6,1,'2025-01-01 08:00:00','2025-01-01 08:00:00');
INSERT INTO `dorm_room` VALUES (235,2,8,18,'B02-2-18',6,6,1,'2025-01-01 08:00:00','2025-01-01 08:00:00');
INSERT INTO `dorm_room` VALUES (249,2,9,1,'B02-3-01',6,6,0,'2025-01-01 08:00:00','2025-01-01 08:00:00');
INSERT INTO `dorm_room` VALUES (250,2,9,2,'B02-3-02',6,6,0,'2025-01-01 08:00:00','2025-01-01 08:00:00');
INSERT INTO `dorm_room` VALUES (251,2,9,3,'B02-3-03',6,6,1,'2025-01-01 08:00:00','2025-01-01 08:00:00');
INSERT INTO `dorm_room` VALUES (252,2,9,4,'B02-3-04',6,6,1,'2025-01-01 08:00:00','2025-01-01 08:00:00');
INSERT INTO `dorm_room` VALUES (253,2,9,5,'B02-3-05',6,6,1,'2025-01-01 08:00:00','2025-01-01 08:00:00');
INSERT INTO `dorm_room` VALUES (254,2,9,6,'B02-3-06',6,6,1,'2025-01-01 08:00:00','2025-01-01 08:00:00');
INSERT INTO `dorm_room` VALUES (255,2,9,7,'B02-3-07',6,6,1,'2025-01-01 08:00:00','2025-01-01 08:00:00');
INSERT INTO `dorm_room` VALUES (256,2,9,8,'B02-3-08',6,6,1,'2025-01-01 08:00:00','2025-01-01 08:00:00');
INSERT INTO `dorm_room` VALUES (257,2,9,9,'B02-3-09',6,6,1,'2025-01-01 08:00:00','2025-01-01 08:00:00');
INSERT INTO `dorm_room` VALUES (258,2,9,10,'B02-3-10',6,6,1,'2025-01-01 08:00:00','2025-01-01 08:00:00');
INSERT INTO `dorm_room` VALUES (259,2,9,11,'B02-3-11',6,6,1,'2025-01-01 08:00:00','2025-01-01 08:00:00');
INSERT INTO `dorm_room` VALUES (260,2,9,12,'B02-3-12',6,6,1,'2025-01-01 08:00:00','2025-01-01 08:00:00');
INSERT INTO `dorm_room` VALUES (261,2,9,13,'B02-3-13',6,6,1,'2025-01-01 08:00:00','2025-01-01 08:00:00');
INSERT INTO `dorm_room` VALUES (262,2,9,14,'B02-3-14',6,6,1,'2025-01-01 08:00:00','2025-01-01 08:00:00');
INSERT INTO `dorm_room` VALUES (263,2,9,15,'B02-3-15',6,6,1,'2025-01-01 08:00:00','2025-01-01 08:00:00');
INSERT INTO `dorm_room` VALUES (264,2,9,16,'B02-3-16',6,6,1,'2025-01-01 08:00:00','2025-01-01 08:00:00');
INSERT INTO `dorm_room` VALUES (265,2,9,17,'B02-3-17',6,6,1,'2025-01-01 08:00:00','2025-01-01 08:00:00');
INSERT INTO `dorm_room` VALUES (266,2,9,18,'B02-3-18',6,6,1,'2025-01-01 08:00:00','2025-01-01 08:00:00');
INSERT INTO `dorm_room` VALUES (280,2,10,1,'B02-4-01',6,6,1,'2025-01-01 08:00:00','2025-01-01 08:00:00');
INSERT INTO `dorm_room` VALUES (281,2,10,2,'B02-4-02',6,6,1,'2025-01-01 08:00:00','2025-01-01 08:00:00');
INSERT INTO `dorm_room` VALUES (282,2,10,3,'B02-4-03',6,6,1,'2025-01-01 08:00:00','2025-01-01 08:00:00');
INSERT INTO `dorm_room` VALUES (283,2,10,4,'B02-4-04',6,6,1,'2025-01-01 08:00:00','2025-01-01 08:00:00');
INSERT INTO `dorm_room` VALUES (284,2,10,5,'B02-4-05',6,6,1,'2025-01-01 08:00:00','2025-01-01 08:00:00');
INSERT INTO `dorm_room` VALUES (285,2,10,6,'B02-4-06',6,6,1,'2025-01-01 08:00:00','2025-01-01 08:00:00');
INSERT INTO `dorm_room` VALUES (286,2,10,7,'B02-4-07',6,6,1,'2025-01-01 08:00:00','2025-01-01 08:00:00');
INSERT INTO `dorm_room` VALUES (287,2,10,8,'B02-4-08',6,6,1,'2025-01-01 08:00:00','2025-01-01 08:00:00');
INSERT INTO `dorm_room` VALUES (288,2,10,9,'B02-4-09',6,6,1,'2025-01-01 08:00:00','2025-01-01 08:00:00');
INSERT INTO `dorm_room` VALUES (289,2,10,10,'B02-4-10',6,6,1,'2025-01-01 08:00:00','2025-01-01 08:00:00');
INSERT INTO `dorm_room` VALUES (290,2,10,11,'B02-4-11',6,6,1,'2025-01-01 08:00:00','2025-01-01 08:00:00');
INSERT INTO `dorm_room` VALUES (291,2,10,12,'B02-4-12',6,6,1,'2025-01-01 08:00:00','2025-01-01 08:00:00');
INSERT INTO `dorm_room` VALUES (292,2,10,13,'B02-4-13',6,6,1,'2025-01-01 08:00:00','2025-01-01 08:00:00');
INSERT INTO `dorm_room` VALUES (293,2,10,14,'B02-4-14',6,6,1,'2025-01-01 08:00:00','2025-01-01 08:00:00');
INSERT INTO `dorm_room` VALUES (294,2,10,15,'B02-4-15',6,6,1,'2025-01-01 08:00:00','2025-01-01 08:00:00');
INSERT INTO `dorm_room` VALUES (295,2,10,16,'B02-4-16',6,6,1,'2025-01-01 08:00:00','2025-01-01 08:00:00');
INSERT INTO `dorm_room` VALUES (296,2,10,17,'B02-4-17',6,6,1,'2025-01-01 08:00:00','2025-01-01 08:00:00');
INSERT INTO `dorm_room` VALUES (297,2,10,18,'B02-4-18',6,6,1,'2025-01-01 08:00:00','2025-01-01 08:00:00');
INSERT INTO `dorm_room` VALUES (311,2,11,1,'B02-5-01',6,6,1,'2025-01-01 08:00:00','2025-01-01 08:00:00');
INSERT INTO `dorm_room` VALUES (312,2,11,2,'B02-5-02',6,6,1,'2025-01-01 08:00:00','2025-01-01 08:00:00');
INSERT INTO `dorm_room` VALUES (313,2,11,3,'B02-5-03',6,6,1,'2025-01-01 08:00:00','2025-01-01 08:00:00');
INSERT INTO `dorm_room` VALUES (314,2,11,4,'B02-5-04',6,6,1,'2025-01-01 08:00:00','2025-01-01 08:00:00');
INSERT INTO `dorm_room` VALUES (315,2,11,5,'B02-5-05',6,6,1,'2025-01-01 08:00:00','2025-01-01 08:00:00');
INSERT INTO `dorm_room` VALUES (316,2,11,6,'B02-5-06',6,6,1,'2025-01-01 08:00:00','2025-01-01 08:00:00');
INSERT INTO `dorm_room` VALUES (317,2,11,7,'B02-5-07',6,6,1,'2025-01-01 08:00:00','2025-01-01 08:00:00');
INSERT INTO `dorm_room` VALUES (318,2,11,8,'B02-5-08',6,6,1,'2025-01-01 08:00:00','2025-01-01 08:00:00');
INSERT INTO `dorm_room` VALUES (319,2,11,9,'B02-5-09',6,6,1,'2025-01-01 08:00:00','2025-01-01 08:00:00');
INSERT INTO `dorm_room` VALUES (320,2,11,10,'B02-5-10',6,6,1,'2025-01-01 08:00:00','2025-01-01 08:00:00');
INSERT INTO `dorm_room` VALUES (321,2,11,11,'B02-5-11',6,6,1,'2025-01-01 08:00:00','2025-01-01 08:00:00');
INSERT INTO `dorm_room` VALUES (322,2,11,12,'B02-5-12',6,6,1,'2025-01-01 08:00:00','2025-01-01 08:00:00');
INSERT INTO `dorm_room` VALUES (323,2,11,13,'B02-5-13',6,6,1,'2025-01-01 08:00:00','2025-01-01 08:00:00');
INSERT INTO `dorm_room` VALUES (324,2,11,14,'B02-5-14',6,6,1,'2025-01-01 08:00:00','2025-01-01 08:00:00');
INSERT INTO `dorm_room` VALUES (325,2,11,15,'B02-5-15',6,6,1,'2025-01-01 08:00:00','2025-01-01 08:00:00');
INSERT INTO `dorm_room` VALUES (326,2,11,16,'B02-5-16',6,6,1,'2025-01-01 08:00:00','2025-01-01 08:00:00');
INSERT INTO `dorm_room` VALUES (327,2,11,17,'B02-5-17',6,6,1,'2025-01-01 08:00:00','2025-01-01 08:00:00');
INSERT INTO `dorm_room` VALUES (328,2,11,18,'B02-5-18',6,6,1,'2025-01-01 08:00:00','2025-01-01 08:00:00');
INSERT INTO `dorm_room` VALUES (342,3,12,1,'B03-1-01',6,0,1,'2025-01-01 08:00:00','2025-01-01 08:00:00');
INSERT INTO `dorm_room` VALUES (343,3,12,2,'B03-1-02',6,0,1,'2025-01-01 08:00:00','2025-01-01 08:00:00');
INSERT INTO `dorm_room` VALUES (344,3,12,3,'B03-1-03',6,0,1,'2025-01-01 08:00:00','2025-01-01 08:00:00');
INSERT INTO `dorm_room` VALUES (345,3,12,4,'B03-1-04',6,0,1,'2025-01-01 08:00:00','2025-01-01 08:00:00');
INSERT INTO `dorm_room` VALUES (346,3,12,5,'B03-1-05',6,0,1,'2025-01-01 08:00:00','2025-01-01 08:00:00');
INSERT INTO `dorm_room` VALUES (347,3,12,6,'B03-1-06',6,0,1,'2025-01-01 08:00:00','2025-01-01 08:00:00');
INSERT INTO `dorm_room` VALUES (348,3,12,7,'B03-1-07',6,0,1,'2025-01-01 08:00:00','2025-01-01 08:00:00');
INSERT INTO `dorm_room` VALUES (349,3,12,8,'B03-1-08',6,0,1,'2025-01-01 08:00:00','2025-01-01 08:00:00');
INSERT INTO `dorm_room` VALUES (350,3,12,9,'B03-1-09',6,0,1,'2025-01-01 08:00:00','2025-01-01 08:00:00');
INSERT INTO `dorm_room` VALUES (351,3,12,10,'B03-1-10',6,0,1,'2025-01-01 08:00:00','2025-01-01 08:00:00');
INSERT INTO `dorm_room` VALUES (352,3,12,11,'B03-1-11',6,6,1,'2025-01-01 08:00:00','2025-01-01 08:00:00');
INSERT INTO `dorm_room` VALUES (353,3,12,12,'B03-1-12',6,6,1,'2025-01-01 08:00:00','2025-01-01 08:00:00');
INSERT INTO `dorm_room` VALUES (354,3,12,13,'B03-1-13',6,6,1,'2025-01-01 08:00:00','2025-01-01 08:00:00');
INSERT INTO `dorm_room` VALUES (355,3,12,14,'B03-1-14',6,6,1,'2025-01-01 08:00:00','2025-01-01 08:00:00');
INSERT INTO `dorm_room` VALUES (356,3,12,15,'B03-1-15',6,6,1,'2025-01-01 08:00:00','2025-01-01 08:00:00');
INSERT INTO `dorm_room` VALUES (357,3,12,16,'B03-1-16',6,6,1,'2025-01-01 08:00:00','2025-01-01 08:00:00');
INSERT INTO `dorm_room` VALUES (358,3,12,17,'B03-1-17',6,6,1,'2025-01-01 08:00:00','2025-01-01 08:00:00');
INSERT INTO `dorm_room` VALUES (359,3,12,18,'B03-1-18',6,6,1,'2025-01-01 08:00:00','2025-01-01 08:00:00');
INSERT INTO `dorm_room` VALUES (360,3,12,19,'B03-1-19',6,6,1,'2025-01-01 08:00:00','2025-01-01 08:00:00');
INSERT INTO `dorm_room` VALUES (361,3,12,20,'B03-1-20',6,6,1,'2025-01-01 08:00:00','2025-01-01 08:00:00');
INSERT INTO `dorm_room` VALUES (373,3,13,1,'B03-2-01',6,6,1,'2025-01-01 08:00:00','2025-01-01 08:00:00');
INSERT INTO `dorm_room` VALUES (374,3,13,2,'B03-2-02',6,6,1,'2025-01-01 08:00:00','2025-01-01 08:00:00');
INSERT INTO `dorm_room` VALUES (375,3,13,3,'B03-2-03',6,6,1,'2025-01-01 08:00:00','2025-01-01 08:00:00');
INSERT INTO `dorm_room` VALUES (376,3,13,4,'B03-2-04',6,6,1,'2025-01-01 08:00:00','2025-01-01 08:00:00');
INSERT INTO `dorm_room` VALUES (377,3,13,5,'B03-2-05',6,6,1,'2025-01-01 08:00:00','2025-01-01 08:00:00');
INSERT INTO `dorm_room` VALUES (378,3,13,6,'B03-2-06',6,6,1,'2025-01-01 08:00:00','2025-01-01 08:00:00');
INSERT INTO `dorm_room` VALUES (379,3,13,7,'B03-2-07',6,6,1,'2025-01-01 08:00:00','2025-01-01 08:00:00');
INSERT INTO `dorm_room` VALUES (380,3,13,8,'B03-2-08',6,6,1,'2025-01-01 08:00:00','2025-01-01 08:00:00');
INSERT INTO `dorm_room` VALUES (381,3,13,9,'B03-2-09',6,6,1,'2025-01-01 08:00:00','2025-01-01 08:00:00');
INSERT INTO `dorm_room` VALUES (382,3,13,10,'B03-2-10',6,6,1,'2025-01-01 08:00:00','2025-01-01 08:00:00');
INSERT INTO `dorm_room` VALUES (383,3,13,11,'B03-2-11',6,6,1,'2025-01-01 08:00:00','2025-01-01 08:00:00');
INSERT INTO `dorm_room` VALUES (384,3,13,12,'B03-2-12',6,6,1,'2025-01-01 08:00:00','2025-01-01 08:00:00');
INSERT INTO `dorm_room` VALUES (385,3,13,13,'B03-2-13',6,6,1,'2025-01-01 08:00:00','2025-01-01 08:00:00');
INSERT INTO `dorm_room` VALUES (386,3,13,14,'B03-2-14',6,6,1,'2025-01-01 08:00:00','2025-01-01 08:00:00');
INSERT INTO `dorm_room` VALUES (387,3,13,15,'B03-2-15',6,6,1,'2025-01-01 08:00:00','2025-01-01 08:00:00');
INSERT INTO `dorm_room` VALUES (388,3,13,16,'B03-2-16',6,6,1,'2025-01-01 08:00:00','2025-01-01 08:00:00');
INSERT INTO `dorm_room` VALUES (389,3,13,17,'B03-2-17',6,6,1,'2025-01-01 08:00:00','2025-01-01 08:00:00');
INSERT INTO `dorm_room` VALUES (390,3,13,18,'B03-2-18',6,6,1,'2025-01-01 08:00:00','2025-01-01 08:00:00');
INSERT INTO `dorm_room` VALUES (391,3,13,19,'B03-2-19',6,6,1,'2025-01-01 08:00:00','2025-01-01 08:00:00');
INSERT INTO `dorm_room` VALUES (392,3,13,20,'B03-2-20',6,6,1,'2025-01-01 08:00:00','2025-01-01 08:00:00');
INSERT INTO `dorm_room` VALUES (404,3,14,1,'B03-3-01',6,6,1,'2025-01-01 08:00:00','2025-01-01 08:00:00');
INSERT INTO `dorm_room` VALUES (405,3,14,2,'B03-3-02',6,6,1,'2025-01-01 08:00:00','2025-01-01 08:00:00');
INSERT INTO `dorm_room` VALUES (406,3,14,3,'B03-3-03',6,6,1,'2025-01-01 08:00:00','2025-01-01 08:00:00');
INSERT INTO `dorm_room` VALUES (407,3,14,4,'B03-3-04',6,6,1,'2025-01-01 08:00:00','2025-01-01 08:00:00');
INSERT INTO `dorm_room` VALUES (408,3,14,5,'B03-3-05',6,6,1,'2025-01-01 08:00:00','2025-01-01 08:00:00');
INSERT INTO `dorm_room` VALUES (409,3,14,6,'B03-3-06',6,6,1,'2025-01-01 08:00:00','2025-01-01 08:00:00');
INSERT INTO `dorm_room` VALUES (410,3,14,7,'B03-3-07',6,6,1,'2025-01-01 08:00:00','2025-01-01 08:00:00');
INSERT INTO `dorm_room` VALUES (411,3,14,8,'B03-3-08',6,6,1,'2025-01-01 08:00:00','2025-01-01 08:00:00');
INSERT INTO `dorm_room` VALUES (412,3,14,9,'B03-3-09',6,6,1,'2025-01-01 08:00:00','2025-01-01 08:00:00');
INSERT INTO `dorm_room` VALUES (413,3,14,10,'B03-3-10',6,6,1,'2025-01-01 08:00:00','2025-01-01 08:00:00');
INSERT INTO `dorm_room` VALUES (414,3,14,11,'B03-3-11',6,6,1,'2025-01-01 08:00:00','2025-01-01 08:00:00');
INSERT INTO `dorm_room` VALUES (415,3,14,12,'B03-3-12',6,6,1,'2025-01-01 08:00:00','2025-01-01 08:00:00');
INSERT INTO `dorm_room` VALUES (416,3,14,13,'B03-3-13',6,6,1,'2025-01-01 08:00:00','2025-01-01 08:00:00');
INSERT INTO `dorm_room` VALUES (417,3,14,14,'B03-3-14',6,6,1,'2025-01-01 08:00:00','2025-01-01 08:00:00');
INSERT INTO `dorm_room` VALUES (418,3,14,15,'B03-3-15',6,6,1,'2025-01-01 08:00:00','2025-01-01 08:00:00');
INSERT INTO `dorm_room` VALUES (419,3,14,16,'B03-3-16',6,6,1,'2025-01-01 08:00:00','2025-01-01 08:00:00');
INSERT INTO `dorm_room` VALUES (420,3,14,17,'B03-3-17',6,6,1,'2025-01-01 08:00:00','2025-01-01 08:00:00');
INSERT INTO `dorm_room` VALUES (421,3,14,18,'B03-3-18',6,6,1,'2025-01-01 08:00:00','2025-01-01 08:00:00');
INSERT INTO `dorm_room` VALUES (422,3,14,19,'B03-3-19',6,6,1,'2025-01-01 08:00:00','2025-01-01 08:00:00');
INSERT INTO `dorm_room` VALUES (423,3,14,20,'B03-3-20',6,6,1,'2025-01-01 08:00:00','2025-01-01 08:00:00');
INSERT INTO `dorm_room` VALUES (435,3,15,1,'B03-4-01',6,6,1,'2025-01-01 08:00:00','2025-01-01 08:00:00');
INSERT INTO `dorm_room` VALUES (436,3,15,2,'B03-4-02',6,6,1,'2025-01-01 08:00:00','2025-01-01 08:00:00');
INSERT INTO `dorm_room` VALUES (437,3,15,3,'B03-4-03',6,6,1,'2025-01-01 08:00:00','2025-01-01 08:00:00');
INSERT INTO `dorm_room` VALUES (438,3,15,4,'B03-4-04',6,6,1,'2025-01-01 08:00:00','2025-01-01 08:00:00');
INSERT INTO `dorm_room` VALUES (439,3,15,5,'B03-4-05',6,6,1,'2025-01-01 08:00:00','2025-01-01 08:00:00');
INSERT INTO `dorm_room` VALUES (440,3,15,6,'B03-4-06',6,6,1,'2025-01-01 08:00:00','2025-01-01 08:00:00');
INSERT INTO `dorm_room` VALUES (441,3,15,7,'B03-4-07',6,6,1,'2025-01-01 08:00:00','2025-01-01 08:00:00');
INSERT INTO `dorm_room` VALUES (442,3,15,8,'B03-4-08',6,6,1,'2025-01-01 08:00:00','2025-01-01 08:00:00');
INSERT INTO `dorm_room` VALUES (443,3,15,9,'B03-4-09',6,6,1,'2025-01-01 08:00:00','2025-01-01 08:00:00');
INSERT INTO `dorm_room` VALUES (444,3,15,10,'B03-4-10',6,6,1,'2025-01-01 08:00:00','2025-01-01 08:00:00');
INSERT INTO `dorm_room` VALUES (445,3,15,11,'B03-4-11',6,6,1,'2025-01-01 08:00:00','2025-01-01 08:00:00');
INSERT INTO `dorm_room` VALUES (446,3,15,12,'B03-4-12',6,6,1,'2025-01-01 08:00:00','2025-01-01 08:00:00');
INSERT INTO `dorm_room` VALUES (447,3,15,13,'B03-4-13',6,6,1,'2025-01-01 08:00:00','2025-01-01 08:00:00');
INSERT INTO `dorm_room` VALUES (448,3,15,14,'B03-4-14',6,6,1,'2025-01-01 08:00:00','2025-01-01 08:00:00');
INSERT INTO `dorm_room` VALUES (449,3,15,15,'B03-4-15',6,6,1,'2025-01-01 08:00:00','2025-01-01 08:00:00');
INSERT INTO `dorm_room` VALUES (450,3,15,16,'B03-4-16',6,6,1,'2025-01-01 08:00:00','2025-01-01 08:00:00');
INSERT INTO `dorm_room` VALUES (451,3,15,17,'B03-4-17',6,6,1,'2025-01-01 08:00:00','2025-01-01 08:00:00');
INSERT INTO `dorm_room` VALUES (452,3,15,18,'B03-4-18',6,6,1,'2025-01-01 08:00:00','2025-01-01 08:00:00');
INSERT INTO `dorm_room` VALUES (453,3,15,19,'B03-4-19',6,6,1,'2025-01-01 08:00:00','2025-01-01 08:00:00');
INSERT INTO `dorm_room` VALUES (454,3,15,20,'B03-4-20',6,6,1,'2025-01-01 08:00:00','2025-01-01 08:00:00');
INSERT INTO `dorm_room` VALUES (466,3,16,1,'B03-5-01',6,6,1,'2025-01-01 08:00:00','2025-01-01 08:00:00');
INSERT INTO `dorm_room` VALUES (467,3,16,2,'B03-5-02',6,6,1,'2025-01-01 08:00:00','2025-01-01 08:00:00');
INSERT INTO `dorm_room` VALUES (468,3,16,3,'B03-5-03',6,6,1,'2025-01-01 08:00:00','2025-01-01 08:00:00');
INSERT INTO `dorm_room` VALUES (469,3,16,4,'B03-5-04',6,6,1,'2025-01-01 08:00:00','2025-01-01 08:00:00');
INSERT INTO `dorm_room` VALUES (470,3,16,5,'B03-5-05',6,6,1,'2025-01-01 08:00:00','2025-01-01 08:00:00');
INSERT INTO `dorm_room` VALUES (471,3,16,6,'B03-5-06',6,6,1,'2025-01-01 08:00:00','2025-01-01 08:00:00');
INSERT INTO `dorm_room` VALUES (472,3,16,7,'B03-5-07',6,6,1,'2025-01-01 08:00:00','2025-01-01 08:00:00');
INSERT INTO `dorm_room` VALUES (473,3,16,8,'B03-5-08',6,6,1,'2025-01-01 08:00:00','2025-01-01 08:00:00');
INSERT INTO `dorm_room` VALUES (474,3,16,9,'B03-5-09',6,6,1,'2025-01-01 08:00:00','2025-01-01 08:00:00');
INSERT INTO `dorm_room` VALUES (475,3,16,10,'B03-5-10',6,6,1,'2025-01-01 08:00:00','2025-01-01 08:00:00');
INSERT INTO `dorm_room` VALUES (476,3,16,11,'B03-5-11',6,6,1,'2025-01-01 08:00:00','2025-01-01 08:00:00');
INSERT INTO `dorm_room` VALUES (477,3,16,12,'B03-5-12',6,6,1,'2025-01-01 08:00:00','2025-01-01 08:00:00');
INSERT INTO `dorm_room` VALUES (478,3,16,13,'B03-5-13',6,6,1,'2025-01-01 08:00:00','2025-01-01 08:00:00');
INSERT INTO `dorm_room` VALUES (479,3,16,14,'B03-5-14',6,6,1,'2025-01-01 08:00:00','2025-01-01 08:00:00');
INSERT INTO `dorm_room` VALUES (480,3,16,15,'B03-5-15',6,6,1,'2025-01-01 08:00:00','2025-01-01 08:00:00');
INSERT INTO `dorm_room` VALUES (481,3,16,16,'B03-5-16',6,6,1,'2025-01-01 08:00:00','2025-01-01 08:00:00');
INSERT INTO `dorm_room` VALUES (482,3,16,17,'B03-5-17',6,6,1,'2025-01-01 08:00:00','2025-01-01 08:00:00');
INSERT INTO `dorm_room` VALUES (483,3,16,18,'B03-5-18',6,6,1,'2025-01-01 08:00:00','2025-01-01 08:00:00');
INSERT INTO `dorm_room` VALUES (484,3,16,19,'B03-5-19',6,6,1,'2025-01-01 08:00:00','2025-01-01 08:00:00');
INSERT INTO `dorm_room` VALUES (485,3,16,20,'B03-5-20',6,6,1,'2025-01-01 08:00:00','2025-01-01 08:00:00');
INSERT INTO `dorm_room` VALUES (497,4,17,1,'B04-1-01',6,0,1,'2025-01-01 08:00:00','2025-01-01 08:00:00');
INSERT INTO `dorm_room` VALUES (498,4,17,2,'B04-1-02',6,0,1,'2025-01-01 08:00:00','2025-01-01 08:00:00');
INSERT INTO `dorm_room` VALUES (499,4,17,3,'B04-1-03',6,0,1,'2025-01-01 08:00:00','2025-01-01 08:00:00');
INSERT INTO `dorm_room` VALUES (500,4,17,4,'B04-1-04',6,0,1,'2025-01-01 08:00:00','2025-01-01 08:00:00');
INSERT INTO `dorm_room` VALUES (501,4,17,5,'B04-1-05',6,0,1,'2025-01-01 08:00:00','2025-01-01 08:00:00');
INSERT INTO `dorm_room` VALUES (502,4,17,6,'B04-1-06',6,0,1,'2025-01-01 08:00:00','2025-01-01 08:00:00');
INSERT INTO `dorm_room` VALUES (503,4,17,7,'B04-1-07',6,0,1,'2025-01-01 08:00:00','2025-01-01 08:00:00');
INSERT INTO `dorm_room` VALUES (504,4,17,8,'B04-1-08',6,0,1,'2025-01-01 08:00:00','2025-01-01 08:00:00');
INSERT INTO `dorm_room` VALUES (505,4,17,9,'B04-1-09',6,0,1,'2025-01-01 08:00:00','2025-01-01 08:00:00');
INSERT INTO `dorm_room` VALUES (506,4,17,10,'B04-1-10',6,0,1,'2025-01-01 08:00:00','2025-01-01 08:00:00');
INSERT INTO `dorm_room` VALUES (507,4,17,11,'B04-1-11',6,6,1,'2025-01-01 08:00:00','2025-01-01 08:00:00');
INSERT INTO `dorm_room` VALUES (508,4,17,12,'B04-1-12',6,6,1,'2025-01-01 08:00:00','2025-01-01 08:00:00');
INSERT INTO `dorm_room` VALUES (509,4,17,13,'B04-1-13',6,6,1,'2025-01-01 08:00:00','2025-01-01 08:00:00');
INSERT INTO `dorm_room` VALUES (510,4,17,14,'B04-1-14',6,6,1,'2025-01-01 08:00:00','2025-01-01 08:00:00');
INSERT INTO `dorm_room` VALUES (511,4,17,15,'B04-1-15',6,6,1,'2025-01-01 08:00:00','2025-01-01 08:00:00');
INSERT INTO `dorm_room` VALUES (512,4,18,1,'B04-2-01',6,6,1,'2025-01-01 08:00:00','2025-01-01 08:00:00');
INSERT INTO `dorm_room` VALUES (513,4,18,2,'B04-2-02',6,6,1,'2025-01-01 08:00:00','2025-01-01 08:00:00');
INSERT INTO `dorm_room` VALUES (514,4,18,3,'B04-2-03',6,6,1,'2025-01-01 08:00:00','2025-01-01 08:00:00');
INSERT INTO `dorm_room` VALUES (515,4,18,4,'B04-2-04',6,6,1,'2025-01-01 08:00:00','2025-01-01 08:00:00');
INSERT INTO `dorm_room` VALUES (516,4,18,5,'B04-2-05',6,6,1,'2025-01-01 08:00:00','2025-01-01 08:00:00');
INSERT INTO `dorm_room` VALUES (517,4,18,6,'B04-2-06',6,6,1,'2025-01-01 08:00:00','2025-01-01 08:00:00');
INSERT INTO `dorm_room` VALUES (518,4,18,7,'B04-2-07',6,6,1,'2025-01-01 08:00:00','2025-01-01 08:00:00');
INSERT INTO `dorm_room` VALUES (519,4,18,8,'B04-2-08',6,6,1,'2025-01-01 08:00:00','2025-01-01 08:00:00');
INSERT INTO `dorm_room` VALUES (520,4,18,9,'B04-2-09',6,6,1,'2025-01-01 08:00:00','2025-01-01 08:00:00');
INSERT INTO `dorm_room` VALUES (521,4,18,10,'B04-2-10',6,6,1,'2025-01-01 08:00:00','2025-01-01 08:00:00');
INSERT INTO `dorm_room` VALUES (522,4,18,11,'B04-2-11',6,6,1,'2025-01-01 08:00:00','2025-01-01 08:00:00');
INSERT INTO `dorm_room` VALUES (523,4,18,12,'B04-2-12',6,6,1,'2025-01-01 08:00:00','2025-01-01 08:00:00');
INSERT INTO `dorm_room` VALUES (524,4,18,13,'B04-2-13',6,6,1,'2025-01-01 08:00:00','2025-01-01 08:00:00');
INSERT INTO `dorm_room` VALUES (525,4,18,14,'B04-2-14',6,6,1,'2025-01-01 08:00:00','2025-01-01 08:00:00');
INSERT INTO `dorm_room` VALUES (526,4,18,15,'B04-2-15',6,6,1,'2025-01-01 08:00:00','2025-01-01 08:00:00');
INSERT INTO `dorm_room` VALUES (527,4,19,1,'B04-3-01',6,6,1,'2025-01-01 08:00:00','2025-01-01 08:00:00');
INSERT INTO `dorm_room` VALUES (528,4,19,2,'B04-3-02',6,6,1,'2025-01-01 08:00:00','2025-01-01 08:00:00');
INSERT INTO `dorm_room` VALUES (529,4,19,3,'B04-3-03',6,6,1,'2025-01-01 08:00:00','2025-01-01 08:00:00');
INSERT INTO `dorm_room` VALUES (530,4,19,4,'B04-3-04',6,6,1,'2025-01-01 08:00:00','2025-01-01 08:00:00');
INSERT INTO `dorm_room` VALUES (531,4,19,5,'B04-3-05',6,6,1,'2025-01-01 08:00:00','2025-01-01 08:00:00');
INSERT INTO `dorm_room` VALUES (532,4,19,6,'B04-3-06',6,6,1,'2025-01-01 08:00:00','2025-01-01 08:00:00');
INSERT INTO `dorm_room` VALUES (533,4,19,7,'B04-3-07',6,6,1,'2025-01-01 08:00:00','2025-01-01 08:00:00');
INSERT INTO `dorm_room` VALUES (534,4,19,8,'B04-3-08',6,6,1,'2025-01-01 08:00:00','2025-01-01 08:00:00');
INSERT INTO `dorm_room` VALUES (535,4,19,9,'B04-3-09',6,6,1,'2025-01-01 08:00:00','2025-01-01 08:00:00');
INSERT INTO `dorm_room` VALUES (536,4,19,10,'B04-3-10',6,6,1,'2025-01-01 08:00:00','2025-01-01 08:00:00');
INSERT INTO `dorm_room` VALUES (537,4,19,11,'B04-3-11',6,6,1,'2025-01-01 08:00:00','2025-01-01 08:00:00');
INSERT INTO `dorm_room` VALUES (538,4,19,12,'B04-3-12',6,6,1,'2025-01-01 08:00:00','2025-01-01 08:00:00');
INSERT INTO `dorm_room` VALUES (539,4,19,13,'B04-3-13',6,6,1,'2025-01-01 08:00:00','2025-01-01 08:00:00');
INSERT INTO `dorm_room` VALUES (540,4,19,14,'B04-3-14',6,6,1,'2025-01-01 08:00:00','2025-01-01 08:00:00');
INSERT INTO `dorm_room` VALUES (541,4,19,15,'B04-3-15',6,6,1,'2025-01-01 08:00:00','2025-01-01 08:00:00');
INSERT INTO `dorm_room` VALUES (542,4,20,1,'B04-4-01',6,6,1,'2025-01-01 08:00:00','2025-01-01 08:00:00');
INSERT INTO `dorm_room` VALUES (543,4,20,2,'B04-4-02',6,6,1,'2025-01-01 08:00:00','2025-01-01 08:00:00');
INSERT INTO `dorm_room` VALUES (544,4,20,3,'B04-4-03',6,6,1,'2025-01-01 08:00:00','2025-01-01 08:00:00');
INSERT INTO `dorm_room` VALUES (545,4,20,4,'B04-4-04',6,6,1,'2025-01-01 08:00:00','2025-01-01 08:00:00');
INSERT INTO `dorm_room` VALUES (546,4,20,5,'B04-4-05',6,6,1,'2025-01-01 08:00:00','2025-01-01 08:00:00');
INSERT INTO `dorm_room` VALUES (547,4,20,6,'B04-4-06',6,6,1,'2025-01-01 08:00:00','2025-01-01 08:00:00');
INSERT INTO `dorm_room` VALUES (548,4,20,7,'B04-4-07',6,6,1,'2025-01-01 08:00:00','2025-01-01 08:00:00');
INSERT INTO `dorm_room` VALUES (549,4,20,8,'B04-4-08',6,6,1,'2025-01-01 08:00:00','2025-01-01 08:00:00');
INSERT INTO `dorm_room` VALUES (550,4,20,9,'B04-4-09',6,6,1,'2025-01-01 08:00:00','2025-01-01 08:00:00');
INSERT INTO `dorm_room` VALUES (551,4,20,10,'B04-4-10',6,6,1,'2025-01-01 08:00:00','2025-01-01 08:00:00');
INSERT INTO `dorm_room` VALUES (552,4,20,11,'B04-4-11',6,6,1,'2025-01-01 08:00:00','2025-01-01 08:00:00');
INSERT INTO `dorm_room` VALUES (553,4,20,12,'B04-4-12',6,6,1,'2025-01-01 08:00:00','2025-01-01 08:00:00');
INSERT INTO `dorm_room` VALUES (554,4,20,13,'B04-4-13',6,6,1,'2025-01-01 08:00:00','2025-01-01 08:00:00');
INSERT INTO `dorm_room` VALUES (555,4,20,14,'B04-4-14',6,6,1,'2025-01-01 08:00:00','2025-01-01 08:00:00');
INSERT INTO `dorm_room` VALUES (556,4,20,15,'B04-4-15',6,6,1,'2025-01-01 08:00:00','2025-01-01 08:00:00');
INSERT INTO `dorm_room` VALUES (557,5,21,1,'B05-1-01',6,6,0,'2025-01-01 08:00:00','2025-01-01 08:00:00');
INSERT INTO `dorm_room` VALUES (558,5,21,2,'B05-1-02',6,6,0,'2025-01-01 08:00:00','2025-01-01 08:00:00');
INSERT INTO `dorm_room` VALUES (559,5,21,3,'B05-1-03',6,6,0,'2025-01-01 08:00:00','2025-01-01 08:00:00');
INSERT INTO `dorm_room` VALUES (560,5,21,4,'B05-1-04',6,6,0,'2025-01-01 08:00:00','2025-01-01 08:00:00');
INSERT INTO `dorm_room` VALUES (561,5,21,5,'B05-1-05',6,6,0,'2025-01-01 08:00:00','2025-01-01 08:00:00');
INSERT INTO `dorm_room` VALUES (562,5,21,6,'B05-1-06',6,6,0,'2025-01-01 08:00:00','2025-01-01 08:00:00');
INSERT INTO `dorm_room` VALUES (563,5,21,7,'B05-1-07',6,6,0,'2025-01-01 08:00:00','2025-01-01 08:00:00');
INSERT INTO `dorm_room` VALUES (564,5,21,8,'B05-1-08',6,6,0,'2025-01-01 08:00:00','2025-01-01 08:00:00');
INSERT INTO `dorm_room` VALUES (565,5,21,9,'B05-1-09',6,6,0,'2025-01-01 08:00:00','2025-01-01 08:00:00');
INSERT INTO `dorm_room` VALUES (566,5,21,10,'B05-1-10',6,6,0,'2025-01-01 08:00:00','2025-01-01 08:00:00');
INSERT INTO `dorm_room` VALUES (572,5,22,1,'B05-2-01',6,6,0,'2025-01-01 08:00:00','2025-01-01 08:00:00');
INSERT INTO `dorm_room` VALUES (573,5,22,2,'B05-2-02',6,6,0,'2025-01-01 08:00:00','2025-01-01 08:00:00');
INSERT INTO `dorm_room` VALUES (574,5,22,3,'B05-2-03',6,6,0,'2025-01-01 08:00:00','2025-01-01 08:00:00');
INSERT INTO `dorm_room` VALUES (575,5,22,4,'B05-2-04',6,6,0,'2025-01-01 08:00:00','2025-01-01 08:00:00');
INSERT INTO `dorm_room` VALUES (576,5,22,5,'B05-2-05',6,6,0,'2025-01-01 08:00:00','2025-01-01 08:00:00');
INSERT INTO `dorm_room` VALUES (577,5,22,6,'B05-2-06',6,6,0,'2025-01-01 08:00:00','2025-01-01 08:00:00');
INSERT INTO `dorm_room` VALUES (578,5,22,7,'B05-2-07',6,6,0,'2025-01-01 08:00:00','2025-01-01 08:00:00');
INSERT INTO `dorm_room` VALUES (579,5,22,8,'B05-2-08',6,6,0,'2025-01-01 08:00:00','2025-01-01 08:00:00');
INSERT INTO `dorm_room` VALUES (580,5,22,9,'B05-2-09',6,6,0,'2025-01-01 08:00:00','2025-01-01 08:00:00');
INSERT INTO `dorm_room` VALUES (581,5,22,10,'B05-2-10',6,6,0,'2025-01-01 08:00:00','2025-01-01 08:00:00');
INSERT INTO `dorm_room` VALUES (587,5,23,1,'B05-3-01',6,6,0,'2025-01-01 08:00:00','2025-01-01 08:00:00');
INSERT INTO `dorm_room` VALUES (588,5,23,2,'B05-3-02',6,6,0,'2025-01-01 08:00:00','2025-01-01 08:00:00');
INSERT INTO `dorm_room` VALUES (589,5,23,3,'B05-3-03',6,6,0,'2025-01-01 08:00:00','2025-01-01 08:00:00');
INSERT INTO `dorm_room` VALUES (590,5,23,4,'B05-3-04',6,6,0,'2025-01-01 08:00:00','2025-01-01 08:00:00');
INSERT INTO `dorm_room` VALUES (591,5,23,5,'B05-3-05',6,6,0,'2025-01-01 08:00:00','2025-01-01 08:00:00');
INSERT INTO `dorm_room` VALUES (592,5,23,6,'B05-3-06',6,6,0,'2025-01-01 08:00:00','2025-01-01 08:00:00');
INSERT INTO `dorm_room` VALUES (593,5,23,7,'B05-3-07',6,6,0,'2025-01-01 08:00:00','2025-01-01 08:00:00');
INSERT INTO `dorm_room` VALUES (594,5,23,8,'B05-3-08',6,6,0,'2025-01-01 08:00:00','2025-01-01 08:00:00');
INSERT INTO `dorm_room` VALUES (595,5,23,9,'B05-3-09',6,6,0,'2025-01-01 08:00:00','2025-01-01 08:00:00');
INSERT INTO `dorm_room` VALUES (596,5,23,10,'B05-3-10',6,6,0,'2025-01-01 08:00:00','2025-01-01 08:00:00');
INSERT INTO `dorm_room` VALUES (602,5,23,11,'B05-3-11',6,6,1,'2025-11-20 21:31:31','2025-11-20 21:31:31');
INSERT INTO `dorm_room` VALUES (838,15,47,1,'B08-1-01',6,6,1,'2025-11-29 17:25:04','2025-11-29 17:25:04');
INSERT INTO `dorm_room` VALUES (839,15,47,2,'B08-1-02',6,6,1,'2025-11-29 17:25:04','2025-11-29 17:25:04');
INSERT INTO `dorm_room` VALUES (840,15,47,3,'B08-1-03',6,6,1,'2025-11-29 17:25:04','2025-11-29 17:25:04');
INSERT INTO `dorm_room` VALUES (841,15,47,4,'B08-1-04',6,6,1,'2025-11-29 17:25:04','2025-11-29 17:25:04');
INSERT INTO `dorm_room` VALUES (842,15,47,5,'B08-1-05',6,6,1,'2025-11-29 17:25:04','2025-11-29 17:25:04');
INSERT INTO `dorm_room` VALUES (843,15,47,6,'B08-1-06',6,6,1,'2025-11-29 17:25:04','2025-11-29 17:25:04');
INSERT INTO `dorm_room` VALUES (844,15,47,7,'B08-1-07',6,6,1,'2025-11-29 17:25:04','2025-11-29 17:25:04');
INSERT INTO `dorm_room` VALUES (845,15,47,8,'B08-1-08',6,6,1,'2025-11-29 17:25:04','2025-11-29 17:25:04');
INSERT INTO `dorm_room` VALUES (846,15,47,9,'B08-1-09',6,6,1,'2025-11-29 17:25:04','2025-11-29 17:25:04');
INSERT INTO `dorm_room` VALUES (847,15,47,10,'B08-1-10',6,6,1,'2025-11-29 17:25:04','2025-11-29 17:25:04');
INSERT INTO `dorm_room` VALUES (848,15,47,11,'B08-1-11',6,6,1,'2025-11-29 17:25:04','2025-11-29 17:25:04');
INSERT INTO `dorm_room` VALUES (849,15,47,12,'B08-1-12',6,6,1,'2025-11-29 17:25:04','2025-11-29 17:25:04');
INSERT INTO `dorm_room` VALUES (850,15,47,13,'B08-1-13',6,6,1,'2025-11-29 17:25:04','2025-11-29 17:25:04');
INSERT INTO `dorm_room` VALUES (851,15,47,14,'B08-1-14',6,6,1,'2025-11-29 17:25:04','2025-11-29 17:25:04');
INSERT INTO `dorm_room` VALUES (852,15,47,15,'B08-1-15',6,6,1,'2025-11-29 17:25:04','2025-11-29 17:25:04');
INSERT INTO `dorm_room` VALUES (853,15,47,16,'B08-1-16',6,6,1,'2025-11-29 17:25:04','2025-11-29 17:25:04');
INSERT INTO `dorm_room` VALUES (854,15,47,17,'B08-1-17',6,6,1,'2025-11-29 17:25:04','2025-11-29 17:25:04');
INSERT INTO `dorm_room` VALUES (855,15,47,18,'B08-1-18',6,6,1,'2025-11-29 17:25:04','2025-11-29 17:25:04');
INSERT INTO `dorm_room` VALUES (856,15,47,19,'B08-1-19',6,6,1,'2025-11-29 17:25:04','2025-11-29 17:25:04');
INSERT INTO `dorm_room` VALUES (857,15,47,20,'B08-1-20',6,6,1,'2025-11-29 17:25:04','2025-11-29 17:25:04');
INSERT INTO `dorm_room` VALUES (858,15,48,1,'B08-2-01',6,6,1,'2025-11-29 17:25:04','2025-11-29 17:25:04');
INSERT INTO `dorm_room` VALUES (859,15,48,2,'B08-2-02',6,6,1,'2025-11-29 17:25:04','2025-11-29 17:25:04');
INSERT INTO `dorm_room` VALUES (860,15,48,3,'B08-2-03',6,6,1,'2025-11-29 17:25:04','2025-11-29 17:25:04');
INSERT INTO `dorm_room` VALUES (861,15,48,4,'B08-2-04',6,6,1,'2025-11-29 17:25:04','2025-11-29 17:25:04');
INSERT INTO `dorm_room` VALUES (862,15,48,5,'B08-2-05',6,6,1,'2025-11-29 17:25:04','2025-11-29 17:25:04');
INSERT INTO `dorm_room` VALUES (863,15,48,6,'B08-2-06',6,6,1,'2025-11-29 17:25:04','2025-11-29 17:25:04');
INSERT INTO `dorm_room` VALUES (864,15,48,7,'B08-2-07',6,6,1,'2025-11-29 17:25:04','2025-11-29 17:25:04');
INSERT INTO `dorm_room` VALUES (865,15,48,8,'B08-2-08',6,6,1,'2025-11-29 17:25:04','2025-11-29 17:25:04');
INSERT INTO `dorm_room` VALUES (866,15,48,9,'B08-2-09',6,6,1,'2025-11-29 17:25:04','2025-11-29 17:25:04');
INSERT INTO `dorm_room` VALUES (867,15,48,10,'B08-2-10',6,6,1,'2025-11-29 17:25:04','2025-11-29 17:25:04');
INSERT INTO `dorm_room` VALUES (868,15,48,11,'B08-2-11',6,6,1,'2025-11-29 17:25:04','2025-11-29 17:25:04');
INSERT INTO `dorm_room` VALUES (869,15,48,12,'B08-2-12',6,6,1,'2025-11-29 17:25:04','2025-11-29 17:25:04');
INSERT INTO `dorm_room` VALUES (870,15,48,13,'B08-2-13',6,6,1,'2025-11-29 17:25:04','2025-11-29 17:25:04');
INSERT INTO `dorm_room` VALUES (871,15,48,14,'B08-2-14',6,6,1,'2025-11-29 17:25:04','2025-11-29 17:25:04');
INSERT INTO `dorm_room` VALUES (872,15,48,15,'B08-2-15',6,6,1,'2025-11-29 17:25:04','2025-11-29 17:25:04');
INSERT INTO `dorm_room` VALUES (873,15,48,16,'B08-2-16',6,6,1,'2025-11-29 17:25:04','2025-11-29 17:25:04');
INSERT INTO `dorm_room` VALUES (874,15,48,17,'B08-2-17',6,6,1,'2025-11-29 17:25:04','2025-11-29 17:25:04');
INSERT INTO `dorm_room` VALUES (875,15,48,18,'B08-2-18',6,6,1,'2025-11-29 17:25:04','2025-11-29 17:25:04');
INSERT INTO `dorm_room` VALUES (876,15,48,19,'B08-2-19',6,6,1,'2025-11-29 17:25:04','2025-11-29 17:25:04');
INSERT INTO `dorm_room` VALUES (877,15,48,20,'B08-2-20',6,6,1,'2025-11-29 17:25:04','2025-11-29 17:25:04');
INSERT INTO `dorm_room` VALUES (878,16,49,1,'B09-1-01',6,6,1,'2025-11-29 17:43:38','2025-11-29 17:43:38');
INSERT INTO `dorm_room` VALUES (879,16,49,2,'B09-1-02',6,6,1,'2025-11-29 17:43:38','2025-11-29 17:43:38');
INSERT INTO `dorm_room` VALUES (880,16,49,3,'B09-1-03',6,6,1,'2025-11-29 17:43:38','2025-11-29 17:43:38');
INSERT INTO `dorm_room` VALUES (881,16,49,4,'B09-1-04',6,6,1,'2025-11-29 17:43:38','2025-11-29 17:43:38');
INSERT INTO `dorm_room` VALUES (882,16,49,5,'B09-1-05',6,6,1,'2025-11-29 17:43:38','2025-11-29 17:43:38');
INSERT INTO `dorm_room` VALUES (883,16,49,6,'B09-1-06',6,6,1,'2025-11-29 17:43:38','2025-11-29 17:43:38');
INSERT INTO `dorm_room` VALUES (884,16,49,7,'B09-1-07',6,6,1,'2025-11-29 17:43:38','2025-11-29 17:43:38');
INSERT INTO `dorm_room` VALUES (885,16,49,8,'B09-1-08',6,6,1,'2025-11-29 17:43:38','2025-11-29 17:43:38');
INSERT INTO `dorm_room` VALUES (886,16,49,9,'B09-1-09',6,6,1,'2025-11-29 17:43:38','2025-11-29 17:43:38');
INSERT INTO `dorm_room` VALUES (887,16,49,10,'B09-1-10',6,6,1,'2025-11-29 17:43:38','2025-11-29 17:43:38');
INSERT INTO `dorm_room` VALUES (888,16,49,11,'B09-1-11',6,6,1,'2025-11-29 17:43:38','2025-11-29 17:43:38');
INSERT INTO `dorm_room` VALUES (889,16,49,12,'B09-1-12',6,6,1,'2025-11-29 17:43:38','2025-11-29 17:43:38');
INSERT INTO `dorm_room` VALUES (890,16,50,1,'B09-2-01',6,6,1,'2025-11-29 17:43:38','2025-11-29 17:43:38');
INSERT INTO `dorm_room` VALUES (891,16,50,2,'B09-2-02',6,6,1,'2025-11-29 17:43:38','2025-11-29 17:43:38');
INSERT INTO `dorm_room` VALUES (892,16,50,3,'B09-2-03',6,6,1,'2025-11-29 17:43:38','2025-11-29 17:43:38');
INSERT INTO `dorm_room` VALUES (893,16,50,4,'B09-2-04',6,6,1,'2025-11-29 17:43:38','2025-11-29 17:43:38');
INSERT INTO `dorm_room` VALUES (894,16,50,5,'B09-2-05',6,6,1,'2025-11-29 17:43:38','2025-11-29 17:43:38');
INSERT INTO `dorm_room` VALUES (895,16,50,6,'B09-2-06',6,6,1,'2025-11-29 17:43:38','2025-11-29 17:43:38');
INSERT INTO `dorm_room` VALUES (896,16,50,7,'B09-2-07',6,6,1,'2025-11-29 17:43:38','2025-11-29 17:43:38');
INSERT INTO `dorm_room` VALUES (897,16,50,8,'B09-2-08',6,6,1,'2025-11-29 17:43:38','2025-11-29 17:43:38');
INSERT INTO `dorm_room` VALUES (900,17,51,1,'B10-1-01',6,6,1,'2025-11-29 17:45:13','2025-11-29 17:45:13');
INSERT INTO `dorm_room` VALUES (901,17,51,2,'B10-1-02',6,6,1,'2025-11-29 17:45:13','2025-11-29 17:45:13');
INSERT INTO `dorm_room` VALUES (902,17,51,3,'B10-1-03',6,6,1,'2025-11-29 17:45:13','2025-11-29 17:45:13');
INSERT INTO `dorm_room` VALUES (903,17,51,4,'B10-1-04',6,6,1,'2025-11-29 17:45:13','2025-11-29 17:45:13');
INSERT INTO `dorm_room` VALUES (904,17,51,5,'B10-1-05',6,6,1,'2025-11-29 17:45:13','2025-11-29 17:45:13');
INSERT INTO `dorm_room` VALUES (905,17,51,6,'B10-1-06',6,6,1,'2025-11-29 17:45:13','2025-11-29 17:45:13');
INSERT INTO `dorm_room` VALUES (906,17,51,7,'B10-1-07',6,6,1,'2025-11-29 17:45:13','2025-11-29 17:45:13');
INSERT INTO `dorm_room` VALUES (907,17,51,8,'B10-1-08',6,6,1,'2025-11-29 17:45:13','2025-11-29 17:45:13');
INSERT INTO `dorm_room` VALUES (908,17,51,9,'B10-1-09',6,6,1,'2025-11-29 17:45:13','2025-11-29 17:45:13');
INSERT INTO `dorm_room` VALUES (909,17,51,10,'B10-1-10',6,6,1,'2025-11-29 17:45:13','2025-11-29 17:45:13');
INSERT INTO `dorm_room` VALUES (910,17,51,11,'B10-1-11',6,6,1,'2025-11-29 17:45:13','2025-11-29 17:45:13');
INSERT INTO `dorm_room` VALUES (911,17,51,12,'B10-1-12',6,6,1,'2025-11-29 17:45:13','2025-11-29 17:45:13');
INSERT INTO `dorm_room` VALUES (912,17,51,13,'B10-1-13',6,6,1,'2025-11-29 17:45:13','2025-11-29 17:45:13');
INSERT INTO `dorm_room` VALUES (913,17,51,14,'B10-1-14',6,6,1,'2025-11-29 17:45:13','2025-11-29 17:45:13');
INSERT INTO `dorm_room` VALUES (914,17,51,15,'B10-1-15',6,6,1,'2025-11-29 17:45:13','2025-11-29 17:45:13');
INSERT INTO `dorm_room` VALUES (915,17,51,16,'B10-1-16',6,6,1,'2025-11-29 17:45:13','2025-11-29 17:45:13');
INSERT INTO `dorm_room` VALUES (916,17,51,17,'B10-1-17',6,6,1,'2025-11-29 17:45:13','2025-11-29 17:45:13');
INSERT INTO `dorm_room` VALUES (917,17,51,18,'B10-1-18',6,6,1,'2025-11-29 17:45:13','2025-11-29 17:45:13');
INSERT INTO `dorm_room` VALUES (918,17,51,19,'B10-1-19',6,6,1,'2025-11-29 17:45:13','2025-11-29 17:45:13');
INSERT INTO `dorm_room` VALUES (919,17,51,20,'B10-1-20',6,6,1,'2025-11-29 17:45:13','2025-11-29 17:45:13');
INSERT INTO `dorm_room` VALUES (920,17,51,21,'B10-1-21',6,6,1,'2025-11-29 17:45:13','2025-11-29 17:45:13');
INSERT INTO `dorm_room` VALUES (921,17,51,22,'B10-1-22',6,6,1,'2025-11-29 17:45:13','2025-11-29 17:45:13');
INSERT INTO `dorm_room` VALUES (922,17,51,23,'B10-1-23',6,6,1,'2025-11-29 17:45:13','2025-11-29 17:45:13');
INSERT INTO `dorm_room` VALUES (923,17,51,24,'B10-1-24',6,6,1,'2025-11-29 17:45:13','2025-11-29 17:45:13');
INSERT INTO `dorm_room` VALUES (924,17,51,25,'B10-1-25',6,6,1,'2025-11-29 17:45:13','2025-11-29 17:45:13');
INSERT INTO `dorm_room` VALUES (925,17,51,26,'B10-1-26',6,6,1,'2025-11-29 17:45:13','2025-11-29 17:45:13');
INSERT INTO `dorm_room` VALUES (926,17,51,27,'B10-1-27',6,6,1,'2025-11-29 17:45:13','2025-11-29 17:45:13');
INSERT INTO `dorm_room` VALUES (927,17,51,28,'B10-1-28',6,6,1,'2025-11-29 17:45:13','2025-11-29 17:45:13');
INSERT INTO `dorm_room` VALUES (928,17,51,29,'B10-1-29',6,6,1,'2025-11-29 17:45:13','2025-11-29 17:45:13');
INSERT INTO `dorm_room` VALUES (929,17,51,30,'B10-1-30',6,6,1,'2025-11-29 17:45:13','2025-11-29 17:45:13');
INSERT INTO `dorm_room` VALUES (930,17,52,1,'B10-2-01',6,6,1,'2025-11-29 17:45:13','2025-11-29 17:45:13');
INSERT INTO `dorm_room` VALUES (931,17,52,2,'B10-2-02',6,6,1,'2025-11-29 17:45:13','2025-11-29 17:45:13');
INSERT INTO `dorm_room` VALUES (932,17,52,3,'B10-2-03',6,6,1,'2025-11-29 17:45:13','2025-11-29 17:45:13');
INSERT INTO `dorm_room` VALUES (933,17,52,4,'B10-2-04',6,6,1,'2025-11-29 17:45:13','2025-11-29 17:45:13');
INSERT INTO `dorm_room` VALUES (934,17,52,5,'B10-2-05',6,6,1,'2025-11-29 17:45:13','2025-11-29 17:45:13');
INSERT INTO `dorm_room` VALUES (935,17,52,6,'B10-2-06',6,6,1,'2025-11-29 17:45:13','2025-11-29 17:45:13');
INSERT INTO `dorm_room` VALUES (936,17,52,7,'B10-2-07',6,6,1,'2025-11-29 17:45:13','2025-11-29 17:45:13');
INSERT INTO `dorm_room` VALUES (937,17,52,8,'B10-2-08',6,6,1,'2025-11-29 17:45:13','2025-11-29 17:45:13');
INSERT INTO `dorm_room` VALUES (938,17,52,9,'B10-2-09',6,6,1,'2025-11-29 17:45:13','2025-11-29 17:45:13');
INSERT INTO `dorm_room` VALUES (939,17,52,10,'B10-2-10',6,6,1,'2025-11-29 17:45:13','2025-11-29 17:45:13');
INSERT INTO `dorm_room` VALUES (940,17,52,11,'B10-2-11',6,6,1,'2025-11-29 17:45:13','2025-11-29 17:45:13');
INSERT INTO `dorm_room` VALUES (941,17,52,12,'B10-2-12',6,6,0,'2025-11-29 17:45:13','2025-11-29 17:45:13');
INSERT INTO `dorm_room` VALUES (942,17,52,13,'B10-2-13',6,6,1,'2025-11-29 17:45:13','2025-11-29 17:45:13');
INSERT INTO `dorm_room` VALUES (943,17,52,14,'B10-2-14',6,6,1,'2025-11-29 17:45:13','2025-11-29 17:45:13');
INSERT INTO `dorm_room` VALUES (944,17,52,15,'B10-2-15',6,6,1,'2025-11-29 17:45:13','2025-11-29 17:45:13');
INSERT INTO `dorm_room` VALUES (945,17,52,16,'B10-2-16',6,6,1,'2025-11-29 17:45:13','2025-11-29 17:45:13');
INSERT INTO `dorm_room` VALUES (946,17,52,17,'B10-2-17',6,6,1,'2025-11-29 17:45:13','2025-11-29 17:45:13');
INSERT INTO `dorm_room` VALUES (947,17,52,18,'B10-2-18',6,6,1,'2025-11-29 17:45:13','2025-11-29 17:45:13');
INSERT INTO `dorm_room` VALUES (948,17,52,19,'B10-2-19',6,6,1,'2025-11-29 17:45:13','2025-11-29 17:45:13');
INSERT INTO `dorm_room` VALUES (949,17,52,20,'B10-2-20',6,6,1,'2025-11-29 17:45:13','2025-11-29 17:45:13');
INSERT INTO `dorm_room` VALUES (950,17,52,21,'B10-2-21',6,6,1,'2025-11-29 17:45:13','2025-11-29 17:45:13');
INSERT INTO `dorm_room` VALUES (951,17,52,22,'B10-2-22',6,6,1,'2025-11-29 17:45:13','2025-11-29 17:45:13');
INSERT INTO `dorm_room` VALUES (952,17,52,23,'B10-2-23',6,6,1,'2025-11-29 17:45:13','2025-11-29 17:45:13');
INSERT INTO `dorm_room` VALUES (953,17,52,24,'B10-2-24',6,6,1,'2025-11-29 17:45:13','2025-11-29 17:45:13');
INSERT INTO `dorm_room` VALUES (954,17,52,25,'B10-2-25',6,6,1,'2025-11-29 17:45:13','2025-11-29 17:45:13');
INSERT INTO `dorm_room` VALUES (955,17,52,26,'B10-2-26',6,6,1,'2025-11-29 17:45:13','2025-11-29 17:45:13');
INSERT INTO `dorm_room` VALUES (956,17,52,27,'B10-2-27',6,6,1,'2025-11-29 17:45:13','2025-11-29 17:45:13');
INSERT INTO `dorm_room` VALUES (957,17,52,28,'B10-2-28',6,6,1,'2025-11-29 17:45:13','2025-11-29 17:45:13');
INSERT INTO `dorm_room` VALUES (958,17,52,29,'B10-2-29',6,6,1,'2025-11-29 17:45:13','2025-11-29 17:45:13');
INSERT INTO `dorm_room` VALUES (959,17,52,30,'B10-2-30',6,6,1,'2025-11-29 17:45:13','2025-11-29 17:45:13');
INSERT INTO `dorm_room` VALUES (960,1,53,1,'B01-7-01',6,6,1,'2025-11-30 20:42:32','2025-11-30 20:42:32');
INSERT INTO `dorm_room` VALUES (961,1,53,2,'B01-7-02',6,6,0,'2025-11-30 20:42:32','2025-11-30 20:42:32');
INSERT INTO `dorm_room` VALUES (962,1,53,3,'B01-7-03',6,6,1,'2025-11-30 20:42:32','2025-11-30 20:42:32');
INSERT INTO `dorm_room` VALUES (963,1,53,4,'B01-7-04',6,6,1,'2025-11-30 20:42:32','2025-11-30 20:42:32');
INSERT INTO `dorm_room` VALUES (964,1,53,5,'B01-7-05',6,6,1,'2025-11-30 20:42:32','2025-11-30 20:42:32');
INSERT INTO `dorm_room` VALUES (965,1,53,6,'B01-7-06',6,6,1,'2025-11-30 20:42:32','2025-11-30 20:42:32');
INSERT INTO `dorm_room` VALUES (966,1,53,7,'B01-7-07',6,6,1,'2025-11-30 20:42:32','2025-11-30 20:42:32');
INSERT INTO `dorm_room` VALUES (967,1,53,8,'B01-7-08',6,6,1,'2025-11-30 20:42:32','2025-11-30 20:42:32');
INSERT INTO `dorm_room` VALUES (968,1,53,9,'B01-7-09',6,6,1,'2025-11-30 20:42:32','2025-11-30 20:42:32');
INSERT INTO `dorm_room` VALUES (969,1,53,10,'B01-7-10',6,6,1,'2025-11-30 20:42:32','2025-11-30 20:42:32');
INSERT INTO `dorm_room` VALUES (970,1,53,11,'B01-7-11',6,6,1,'2025-11-30 20:42:32','2025-11-30 20:42:32');
INSERT INTO `dorm_room` VALUES (971,1,53,12,'B01-7-12',6,6,1,'2025-11-30 20:42:32','2025-11-30 20:42:32');
INSERT INTO `dorm_room` VALUES (972,1,53,13,'B01-7-13',6,6,1,'2025-11-30 20:42:32','2025-11-30 20:42:32');
INSERT INTO `dorm_room` VALUES (973,1,53,14,'B01-7-14',6,6,1,'2025-11-30 20:42:32','2025-11-30 20:42:32');
INSERT INTO `dorm_room` VALUES (974,1,53,15,'B01-7-15',6,6,1,'2025-11-30 20:42:32','2025-11-30 20:42:32');
INSERT INTO `dorm_room` VALUES (975,1,53,16,'B01-7-16',6,6,1,'2025-11-30 20:42:32','2025-11-30 20:42:32');
INSERT INTO `dorm_room` VALUES (976,1,53,17,'B01-7-17',6,6,1,'2025-11-30 20:42:32','2025-11-30 20:42:32');
INSERT INTO `dorm_room` VALUES (977,1,53,18,'B01-7-18',6,6,1,'2025-11-30 20:42:32','2025-11-30 20:42:32');
INSERT INTO `dorm_room` VALUES (978,1,53,19,'B01-7-19',6,6,1,'2025-11-30 20:42:32','2025-11-30 20:42:32');
INSERT INTO `dorm_room` VALUES (979,1,53,20,'B01-7-20',6,6,1,'2025-11-30 20:42:32','2025-11-30 20:42:32');

--
-- Dumping data for table `employee`
--

INSERT INTO `employee` VALUES (1,'EMP20250001','张伟',1,'13800138001','110101199001011234','2024-03-15','人事专员',1,'zhangwei_hr@example.com','\nhttps://java-ai-zhy.oss-cn-beijing.aliyuncs.com/2025/07/0ba7156c-4fed-40d9-b114-f0a0b5a6715e.jpg','zhangwei','123456','2025-11-09 10:45:48','2025-11-09 10:45:48');
INSERT INTO `employee` VALUES (2,'EMP20250002','李娜',0,'13800138002','110101199202022345','2024-05-20','招聘主管',1,'lina_hr@example.com','\nhttps://java-ai-zhy.oss-cn-beijing.aliyuncs.com/2025/07/15ad9376-eb77-4da4-a09c-8a03fad8413a.jpg','lina','$2a$12$ERcqUFT1OaH4/ReQtQqL7ehIiNJ1iReQN95b05tMrq/tdXlso98li','2025-11-09 10:45:48','2025-11-09 20:31:09');
INSERT INTO `employee` VALUES (3,'EMP20250003','王强',1,'13800138003','110101198803033456','2024-01-10','财务分析师',2,'wangqiang_fin@example.com','\nhttps://java-ai-zhy.oss-cn-beijing.aliyuncs.com/2025/07/59ebf3b4-9490-4784-aae0-953905d8e36e.jpg','wangqiang','123456','2025-11-09 10:45:48','2025-11-09 10:45:48');
INSERT INTO `employee` VALUES (4,'EMP20250004','赵敏',0,'13800138004','110101199504044567','2024-08-12','会计',2,'zhaomin_fin@example.com','\nhttps://java-ai-zhy.oss-cn-beijing.aliyuncs.com/2025/07/7563fadc-266e-4a53-87be-cf288d039671.jpg','zhaomin','123456','2025-11-09 10:45:48','2025-11-09 10:45:48');
INSERT INTO `employee` VALUES (6,'EMP20250006','陈静',0,'13800138006','110101199306066789','2024-07-05','宿管主管',3,'chenjing_sgb@example.com','\nhttps://java-ai-zhy.oss-cn-beijing.aliyuncs.com/2025/07/a44408b7-8ee2-446c-bfcc-84fe1b867725.jpg','chenjing','123456','2025-11-09 10:45:48','2025-11-09 10:45:48');
INSERT INTO `employee` VALUES (7,'EMP20250007','杨帆',1,'13800138007','110101198707077890','2024-04-18','后勤协调员',4,'yangfan_hqb@example.com','\nhttps://java-ai-zhy.oss-cn-beijing.aliyuncs.com/2025/10/3e00a797-5ae7-4ef9-a486-1788db0bf686.jpg','yangfan','123456','2025-11-09 10:45:48','2025-11-09 10:45:48');
INSERT INTO `employee` VALUES (9,'EMP20250009','周婷',0,'13800138009','110101199609099012','2024-09-01','安保队员',5,'zhouting_wbb@example.com','\nhttps://java-ai-zhy.oss-cn-beijing.aliyuncs.com/2025/07/890f9c96-f18b-403f-9344-10bd3070eff1.jpg','zhouting','123456','2025-11-09 10:45:48','2025-11-09 10:45:48');
INSERT INTO `employee` VALUES (10,'EMP20250010','吴昊',1,'13800138010','110101199010100123','2024-11-15','安保队长',5,'wuhao_wbb@example.com','\nhttps://java-ai-zhy.oss-cn-beijing.aliyuncs.com/2025/07/59ebf3b4-9490-4784-aae0-953905d8e36e.jpg','wuhao','123456','2025-11-09 10:45:48','2025-11-09 10:45:48');
INSERT INTO `employee` VALUES (11,'EMP20250011','徐丽',0,'13800138011','110101199411111234','2025-01-05','系统运维',6,'xuli_itc@example.com','\nhttps://java-ai-zhy.oss-cn-beijing.aliyuncs.com/2025/07/7563fadc-266e-4a53-87be-cf288d039671.jpg','xuli','123456','2025-11-09 10:45:48','2025-11-09 10:45:48');
INSERT INTO `employee` VALUES (12,'EMP20250012','孙浩',1,'13800138012','110101199212122345','2025-02-20','开发工程师',6,'sunhao_itc@example.com','\nhttps://java-ai-zhy.oss-cn-beijing.aliyuncs.com/2025/07/15ad9376-eb77-4da4-a09c-8a03fad8413a.jpg','sunhao','123456','2025-11-09 10:45:48','2025-11-09 10:45:48');
INSERT INTO `employee` VALUES (13,'EMP20250013','胡芳',0,'13800138013','110101198901133456','2024-12-10','人事助理',1,'hufang_hr@example.com','\nhttps://java-ai-zhy.oss-cn-beijing.aliyuncs.com/2025/07/7563fadc-266e-4a53-87be-cf288d039671.jpg','hufang','123456','2025-11-09 10:45:48','2025-11-09 10:45:48');
INSERT INTO `employee` VALUES (14,'EMP20250014','郭强',1,'13800138014','110101198602144567','2025-03-01','网络管理员',6,'guoqiang_itc@example.com','\nhttps://java-ai-zhy.oss-cn-beijing.aliyuncs.com/2025/07/0ba7156c-4fed-40d9-b114-f0a0b5a6715e.jpg','guoqiang','123456','2025-11-09 10:45:48','2025-11-09 10:45:48');
INSERT INTO `employee` VALUES (15,'EMP20250015','何静',0,'13800138015','110101199703155678','2025-04-10','出纳',2,'hejing_fin@example.com','\nhttps://java-ai-zhy.oss-cn-beijing.aliyuncs.com/2025/07/59ebf3b4-9490-4784-aae0-953905d8e36e.jpg','hejing','123456','2025-11-09 10:45:48','2025-11-09 10:45:48');
INSERT INTO `employee` VALUES (19,'EMP20250017','李四',1,'14545455454','245454200509150610','2025-11-10','会计',2,'154784545@qq.com','https://dorm-myproject.oss-cn-beijing.aliyuncs.com/2025/11/3489b0bf-87f2-42d6-b468-98dace1b3ebf.jpg','lisi','$2a$12$C87vY5cDldiSXMp8JrXhYuqSc7BCz4ZLuAmrruizvcWhcF7YlRDoi','2025-11-10 17:49:34','2025-11-10 17:49:34');

--
-- Dumping data for table `floor`
--

INSERT INTO `floor` VALUES (1,1,1,'080903',20,'2025-11-16 20:08:07','2025-12-07 16:46:31');
INSERT INTO `floor` VALUES (2,1,2,'080902',20,'2025-11-16 20:08:07','2025-11-16 20:08:07');
INSERT INTO `floor` VALUES (3,1,3,'080903',20,'2025-11-16 20:08:07','2025-11-16 20:08:07');
INSERT INTO `floor` VALUES (4,1,4,NULL,20,'2025-11-16 20:08:07','2025-11-16 20:08:07');
INSERT INTO `floor` VALUES (5,1,5,NULL,20,'2025-11-16 20:08:07','2025-11-16 20:08:07');
INSERT INTO `floor` VALUES (6,1,6,'030101',20,'2025-11-16 20:08:07','2025-11-19 10:24:13');
INSERT INTO `floor` VALUES (7,2,1,'080601',18,'2025-11-16 20:08:07','2025-11-16 20:08:07');
INSERT INTO `floor` VALUES (8,2,2,'081001',18,'2025-11-16 20:08:07','2025-11-16 20:08:07');
INSERT INTO `floor` VALUES (9,2,3,NULL,18,'2025-11-16 20:08:07','2025-11-16 20:08:07');
INSERT INTO `floor` VALUES (10,2,4,NULL,18,'2025-11-16 20:08:07','2025-11-16 20:08:07');
INSERT INTO `floor` VALUES (11,2,5,NULL,18,'2025-11-16 20:08:07','2025-11-16 20:08:07');
INSERT INTO `floor` VALUES (12,3,1,'080701',20,'2025-11-16 20:08:07','2025-11-16 20:08:07');
INSERT INTO `floor` VALUES (13,3,2,'080703',20,'2025-11-16 20:08:07','2025-11-16 20:08:07');
INSERT INTO `floor` VALUES (14,3,3,'080902',20,'2025-11-16 20:08:07','2025-11-16 20:08:07');
INSERT INTO `floor` VALUES (15,3,4,NULL,20,'2025-11-16 20:08:07','2025-11-16 20:08:07');
INSERT INTO `floor` VALUES (16,3,5,NULL,20,'2025-11-16 20:08:07','2025-11-16 20:08:07');
INSERT INTO `floor` VALUES (17,4,1,'050101',15,'2025-11-16 20:08:07','2025-11-16 20:08:07');
INSERT INTO `floor` VALUES (18,4,2,'030101',15,'2025-11-16 20:08:07','2025-11-16 20:08:07');
INSERT INTO `floor` VALUES (19,4,3,'120201',15,'2025-11-16 20:08:07','2025-11-16 20:08:07');
INSERT INTO `floor` VALUES (20,4,4,'020301',15,'2025-11-16 20:08:07','2025-11-16 20:08:07');
INSERT INTO `floor` VALUES (21,5,1,NULL,10,'2025-11-16 20:08:07','2025-11-16 20:08:07');
INSERT INTO `floor` VALUES (22,5,2,NULL,10,'2025-11-16 20:08:07','2025-11-16 20:08:07');
INSERT INTO `floor` VALUES (23,5,3,NULL,10,'2025-11-16 20:08:07','2025-11-16 20:08:07');
INSERT INTO `floor` VALUES (24,3,6,'080903',30,'2025-11-18 19:47:52','2025-11-18 19:47:53');
INSERT INTO `floor` VALUES (26,2,6,NULL,20,'2025-11-18 20:45:59','2025-11-18 20:45:59');
INSERT INTO `floor` VALUES (30,11,1,NULL,30,'2025-11-19 18:47:43','2025-11-19 18:47:44');
INSERT INTO `floor` VALUES (31,11,2,NULL,30,'2025-11-19 18:47:54','2025-11-19 18:47:54');
INSERT INTO `floor` VALUES (32,11,3,NULL,30,'2025-11-19 18:47:54','2025-11-19 18:47:54');
INSERT INTO `floor` VALUES (33,11,4,NULL,30,'2025-11-19 18:47:54','2025-11-19 18:47:54');
INSERT INTO `floor` VALUES (34,11,5,NULL,30,'2025-11-19 18:47:54','2025-11-19 18:47:54');
INSERT INTO `floor` VALUES (35,11,6,NULL,30,'2025-11-19 18:47:54','2025-11-19 18:47:54');
INSERT INTO `floor` VALUES (36,11,7,NULL,30,'2025-11-19 18:47:54','2025-11-19 18:47:54');
INSERT INTO `floor` VALUES (47,15,1,NULL,20,'2025-11-29 17:25:04','2025-11-29 17:25:04');
INSERT INTO `floor` VALUES (48,15,2,NULL,20,'2025-11-29 17:25:04','2025-11-29 17:25:04');
INSERT INTO `floor` VALUES (49,16,1,NULL,12,'2025-11-29 17:43:38','2025-11-29 17:43:38');
INSERT INTO `floor` VALUES (50,16,2,NULL,10,'2025-11-29 17:43:38','2025-11-29 17:43:38');
INSERT INTO `floor` VALUES (51,17,1,NULL,30,'2025-11-29 17:45:13','2025-11-29 17:45:13');
INSERT INTO `floor` VALUES (52,17,2,NULL,30,'2025-11-29 17:45:13','2025-11-29 17:45:13');
INSERT INTO `floor` VALUES (53,1,7,'070101',20,'2025-11-30 20:42:31','2025-11-30 20:42:31');

--
-- Dumping data for table `major`
--

INSERT INTO `major` VALUES ('020301','金融学','经济与管理学院',0,'2025-11-15 12:05:44','2025-11-29 17:46:09');
INSERT INTO `major` VALUES ('030101','法学','法学院',0,'2025-11-15 12:05:44','2025-11-22 19:52:54');
INSERT INTO `major` VALUES ('040101','教育学','教育学院',0,'2025-11-15 12:05:44','2025-11-29 17:46:15');
INSERT INTO `major` VALUES ('050101','汉语言文学','文学院',1,'2025-11-15 12:05:44','2025-11-15 12:05:44');
INSERT INTO `major` VALUES ('070101','数学与应用数学','理学院',1,'2025-11-15 12:05:44','2025-11-15 12:05:44');
INSERT INTO `major` VALUES ('080601','电气工程及其自动化','电气工程学院',0,'2025-11-15 12:05:44','2025-11-15 12:05:44');
INSERT INTO `major` VALUES ('080701','电子信息工程','信息与通信工程学院',1,'2025-11-15 12:05:44','2025-11-15 12:05:44');
INSERT INTO `major` VALUES ('080703','通信工程','信息与通信工程学院',1,'2025-11-15 12:05:44','2025-11-15 12:05:44');
INSERT INTO `major` VALUES ('080901','计算机科学与技术10','计算机学院11',1,'2025-11-15 12:05:44','2025-12-07 16:01:24');
INSERT INTO `major` VALUES ('080902','软件工程','计算机学院',1,'2025-11-15 12:05:44','2025-11-15 12:05:44');
INSERT INTO `major` VALUES ('080903','网络工程','计算机学院',1,'2025-11-15 12:05:44','2025-11-15 12:05:44');
INSERT INTO `major` VALUES ('081001','土木工程','土木工程学院',1,'2025-11-15 12:05:44','2025-11-15 12:05:44');
INSERT INTO `major` VALUES ('082502','环境工程','环境与资源学院',1,'2025-11-15 12:05:44','2025-11-15 12:05:44');
INSERT INTO `major` VALUES ('120201','工商管理','经济与管理学院',1,'2025-11-15 12:05:44','2025-11-15 12:05:44');
INSERT INTO `major` VALUES ('120202','市场营销','经济与管理学院',1,'2025-11-15 12:05:44','2025-11-15 12:05:44');
INSERT INTO `major` VALUES ('130501','艺术设计','艺术学院',1,'2025-11-15 12:05:44','2025-11-15 12:05:44');
INSERT INTO `major` VALUES ('510201','计算机应用技术','计算机学院',0,'2025-11-16 10:52:28','2025-11-29 17:46:13');
INSERT INTO `major` VALUES ('510202','计算机网络技术','计算机网络学院',1,'2025-11-16 11:37:55','2025-12-07 16:09:18');

--
-- Dumping data for table `student`
--

INSERT INTO `student` VALUES (4,'20230809030004','张004',0,'080903',4,'13810000004',0,1,1,1,4,'2025-11-25 14:44:12',1,'2025-11-25 14:44:12','2025-11-25 14:44:12');
INSERT INTO `student` VALUES (5,'20230809030005','张005',0,'080903',4,'13810000005',10,1,1,1,5,'2025-11-25 14:44:12',1,'2025-11-25 14:44:12','2025-12-05 17:45:29');
INSERT INTO `student` VALUES (6,'20230809030006','张006',0,'080903',4,'13810000006',10,1,1,1,6,'2025-11-25 14:44:12',1,'2025-11-25 14:44:12','2025-12-07 16:53:58');
INSERT INTO `student` VALUES (7,'20230809030007','张007',0,'080903',4,'13810000007',10,1,1,2,1,'2025-11-25 14:44:12',1,'2025-11-25 14:44:12','2025-12-05 17:45:32');
INSERT INTO `student` VALUES (8,'20230809030008','张008',0,'080903',4,'13810000008',0,1,1,2,2,'2025-11-25 14:44:12',1,'2025-11-25 14:44:12','2025-11-25 14:44:12');
INSERT INTO `student` VALUES (9,'20230809030009','张009',0,'080903',4,'13810000009',0,1,1,2,3,'2025-11-25 14:44:12',1,'2025-11-25 14:44:12','2025-11-25 14:44:12');
INSERT INTO `student` VALUES (10,'20230809030010','张010',0,'080903',4,'13810000010',0,1,1,2,4,'2025-11-25 14:44:12',1,'2025-11-25 14:44:12','2025-11-25 14:44:12');
INSERT INTO `student` VALUES (11,'20230809030011','张011',0,'080903',4,'13810000011',0,1,1,2,5,'2025-11-25 14:44:12',1,'2025-11-25 14:44:12','2025-11-25 14:44:12');
INSERT INTO `student` VALUES (12,'20230809030012','张012',0,'080903',4,'13810000012',0,1,1,2,6,'2025-11-25 14:44:12',1,'2025-11-25 14:44:12','2025-11-25 14:44:12');
INSERT INTO `student` VALUES (13,'20230809030013','张013',0,'080903',4,'13810000013',0,1,1,3,1,'2025-11-25 14:44:12',1,'2025-11-25 14:44:12','2025-11-25 14:44:12');
INSERT INTO `student` VALUES (14,'20230809030014','张014',0,'080903',4,'13810000014',0,1,1,3,2,'2025-11-25 14:44:12',1,'2025-11-25 14:44:12','2025-11-25 14:44:12');
INSERT INTO `student` VALUES (15,'20230809030015','张015',0,'080903',4,'13810000015',0,1,1,3,3,'2025-11-25 14:44:12',1,'2025-11-25 14:44:12','2025-11-25 14:44:12');
INSERT INTO `student` VALUES (16,'20230809030016','张016',0,'080903',4,'13810000016',0,1,1,3,4,'2025-11-25 14:44:12',1,'2025-11-25 14:44:12','2025-11-25 14:44:12');
INSERT INTO `student` VALUES (17,'20230809030017','张017',0,'080903',4,'13810000017',0,1,1,3,5,'2025-11-25 14:44:12',1,'2025-11-25 14:44:12','2025-11-25 14:44:12');
INSERT INTO `student` VALUES (18,'20230809030018','张018',0,'080903',4,'13810000018',0,1,1,3,6,'2025-11-25 14:44:12',1,'2025-11-25 14:44:12','2025-11-25 14:44:12');
INSERT INTO `student` VALUES (19,'20230809030019','张019',0,'080903',4,'13810000019',0,1,1,4,1,'2025-11-25 14:44:12',1,'2025-11-25 14:44:12','2025-11-25 14:44:12');
INSERT INTO `student` VALUES (20,'20230809030020','张020',0,'080903',4,'13810000020',0,1,1,4,2,'2025-11-25 14:44:12',1,'2025-11-25 14:44:12','2025-11-25 14:44:12');
INSERT INTO `student` VALUES (21,'20230809030021','张021',0,'080903',4,'13810000021',0,1,1,4,3,'2025-11-25 14:44:12',1,'2025-11-25 14:44:12','2025-11-25 14:44:12');
INSERT INTO `student` VALUES (22,'20230809030022','张022',0,'080903',4,'13810000022',0,1,1,4,4,'2025-11-25 14:44:12',1,'2025-11-25 14:44:12','2025-11-25 14:44:12');
INSERT INTO `student` VALUES (23,'20230809030023','张023',0,'080903',4,'13810000023',0,1,1,4,5,'2025-11-25 14:44:12',1,'2025-11-25 14:44:12','2025-11-25 14:44:12');
INSERT INTO `student` VALUES (24,'20230809030024','张024',0,'080903',4,'13810000024',0,1,1,4,6,'2025-11-25 14:44:12',1,'2025-11-25 14:44:12','2025-11-25 14:44:12');
INSERT INTO `student` VALUES (25,'20230809030025','张025',0,'080903',4,'13810000025',0,1,1,5,1,'2025-11-25 14:44:12',1,'2025-11-25 14:44:12','2025-11-25 14:44:12');
INSERT INTO `student` VALUES (26,'20230809030026','张026',0,'080903',4,'13810000026',0,1,1,5,2,'2025-11-25 14:44:12',1,'2025-11-25 14:44:12','2025-11-25 14:44:12');
INSERT INTO `student` VALUES (27,'20230809030027','张027',0,'080903',4,'13810000027',0,1,1,5,3,'2025-11-25 14:44:12',1,'2025-11-25 14:44:12','2025-11-25 14:44:12');
INSERT INTO `student` VALUES (28,'20230809030028','张028',0,'080903',4,'13810000028',0,1,1,5,4,'2025-11-25 14:44:12',1,'2025-11-25 14:44:12','2025-11-25 14:44:12');
INSERT INTO `student` VALUES (29,'20230809030029','张029',0,'080903',4,'13810000029',0,1,1,5,5,'2025-11-25 14:44:12',1,'2025-11-25 14:44:12','2025-11-25 14:44:12');
INSERT INTO `student` VALUES (30,'20230809030030','张030',0,'080903',4,'13810000030',0,1,1,5,6,'2025-11-25 14:44:12',1,'2025-11-25 14:44:12','2025-11-25 14:44:12');
INSERT INTO `student` VALUES (31,'20230809030031','张031',0,'080903',4,'13810000031',0,1,1,6,1,'2025-11-25 14:44:12',1,'2025-11-25 14:44:12','2025-11-25 14:44:12');
INSERT INTO `student` VALUES (32,'20230809030032','张032',0,'080903',4,'13810000032',0,1,1,6,2,'2025-11-25 14:44:12',1,'2025-11-25 14:44:12','2025-11-25 14:44:12');
INSERT INTO `student` VALUES (33,'20230809030033','张033',0,'080903',4,'13810000033',0,1,1,6,3,'2025-11-25 14:44:12',1,'2025-11-25 14:44:12','2025-11-25 14:44:12');
INSERT INTO `student` VALUES (34,'20230809030034','张034',0,'080903',4,'13810000034',0,1,1,6,4,'2025-11-25 14:44:12',1,'2025-11-25 14:44:12','2025-11-25 14:44:12');
INSERT INTO `student` VALUES (35,'20230809030035','张035',0,'080903',4,'13810000035',0,1,1,6,5,'2025-11-25 14:44:12',1,'2025-11-25 14:44:12','2025-11-25 14:44:12');
INSERT INTO `student` VALUES (36,'20230809030036','张036',0,'080903',4,'13810000036',0,1,1,6,6,'2025-11-25 14:44:12',1,'2025-11-25 14:44:12','2025-11-25 14:44:12');
INSERT INTO `student` VALUES (37,'20230809030037','张037',0,'080903',4,'13810000037',0,1,1,7,1,'2025-11-25 14:44:12',1,'2025-11-25 14:44:12','2025-11-25 14:44:12');
INSERT INTO `student` VALUES (38,'20230809030038','张038',0,'080903',4,'13810000038',0,1,1,7,2,'2025-11-25 14:44:12',1,'2025-11-25 14:44:12','2025-11-25 14:44:12');
INSERT INTO `student` VALUES (39,'20230809030039','张039',0,'080903',4,'13810000039',0,1,1,7,3,'2025-11-25 14:44:12',1,'2025-11-25 14:44:12','2025-11-25 14:44:12');
INSERT INTO `student` VALUES (40,'20230809030040','张040',0,'080903',4,'13810000040',0,1,1,7,4,'2025-11-25 14:44:12',1,'2025-11-25 14:44:12','2025-11-25 14:44:12');
INSERT INTO `student` VALUES (41,'20230809030041','张041',0,'080903',4,'13810000041',0,1,1,7,5,'2025-11-25 14:44:12',1,'2025-11-25 14:44:12','2025-11-25 14:44:12');
INSERT INTO `student` VALUES (42,'20230809030042','张042',0,'080903',4,'13810000042',0,1,1,7,6,'2025-11-25 14:44:12',1,'2025-11-25 14:44:12','2025-11-25 14:44:12');
INSERT INTO `student` VALUES (43,'20230809030043','张043',0,'080903',4,'13810000043',0,1,1,8,1,'2025-11-25 14:44:12',1,'2025-11-25 14:44:12','2025-11-25 14:44:12');
INSERT INTO `student` VALUES (44,'20230809030044','张044',0,'080903',4,'13810000044',0,1,1,8,2,'2025-11-25 14:44:12',1,'2025-11-25 14:44:12','2025-11-25 14:44:12');
INSERT INTO `student` VALUES (45,'20230809030045','张045',0,'080903',4,'13810000045',0,1,1,8,3,'2025-11-25 14:44:12',1,'2025-11-25 14:44:12','2025-11-25 14:44:12');
INSERT INTO `student` VALUES (46,'20230809030046','张046',0,'080903',4,'13810000046',0,1,1,8,4,'2025-11-25 14:44:12',1,'2025-11-25 14:44:12','2025-11-25 14:44:12');
INSERT INTO `student` VALUES (47,'20230809030047','张047',0,'080903',4,'13810000047',0,1,1,8,5,'2025-11-25 14:44:12',1,'2025-11-25 14:44:12','2025-11-25 14:44:12');
INSERT INTO `student` VALUES (48,'20230809030048','张048',0,'080903',4,'13810000048',0,1,1,8,6,'2025-11-25 14:44:12',1,'2025-11-25 14:44:12','2025-11-25 14:44:12');
INSERT INTO `student` VALUES (49,'20230809030049','张049',0,'080903',4,'13810000049',0,1,1,9,1,'2025-11-25 14:44:12',1,'2025-11-25 14:44:12','2025-11-25 14:44:12');
INSERT INTO `student` VALUES (50,'20230809030050','张050',0,'080903',4,'13810000050',0,1,1,9,2,'2025-11-25 14:44:12',1,'2025-11-25 14:44:12','2025-11-25 14:44:12');
INSERT INTO `student` VALUES (51,'20230809030051','张051',0,'080903',4,'13810000051',0,1,1,9,3,'2025-11-25 14:44:12',1,'2025-11-25 14:44:12','2025-11-25 14:44:12');
INSERT INTO `student` VALUES (52,'20230809030052','张052',0,'080903',4,'13810000052',0,1,1,9,4,'2025-11-25 14:44:12',1,'2025-11-25 14:44:12','2025-11-25 14:44:12');
INSERT INTO `student` VALUES (53,'20230809030053','张053',0,'080903',4,'13810000053',0,1,1,9,5,'2025-11-25 14:44:12',1,'2025-11-25 14:44:12','2025-11-25 14:44:12');
INSERT INTO `student` VALUES (54,'20230809030054','张054',0,'080903',4,'13810000054',0,1,1,9,6,'2025-11-25 14:44:12',1,'2025-11-25 14:44:12','2025-11-25 14:44:12');
INSERT INTO `student` VALUES (55,'20230809030055','张055',0,'080903',4,'13810000055',0,1,1,10,1,'2025-11-25 14:44:12',1,'2025-11-25 14:44:12','2025-11-25 14:44:12');
INSERT INTO `student` VALUES (56,'20230809030056','张056',0,'080903',4,'13810000056',0,1,1,10,2,'2025-11-25 14:44:12',1,'2025-11-25 14:44:12','2025-11-25 14:44:12');
INSERT INTO `student` VALUES (57,'20230809030057','张057',0,'080903',4,'13810000057',0,1,1,10,3,'2025-11-25 14:44:12',1,'2025-11-25 14:44:12','2025-11-25 14:44:12');
INSERT INTO `student` VALUES (58,'20230809030058','张058',0,'080903',4,'13810000058',0,1,1,10,4,'2025-11-25 14:44:12',1,'2025-11-25 14:44:12','2025-11-25 14:44:12');
INSERT INTO `student` VALUES (59,'20230809030059','张059',0,'080903',4,'13810000059',0,1,1,10,5,'2025-11-25 14:44:12',1,'2025-11-25 14:44:12','2025-11-25 14:44:12');
INSERT INTO `student` VALUES (60,'20230809030060','张060',0,'080903',4,'13810000060',0,1,1,10,6,'2025-11-25 14:44:12',1,'2025-11-25 14:44:12','2025-11-25 14:44:12');
INSERT INTO `student` VALUES (61,'20230809030061','张061',0,'080903',4,'13810000061',0,1,1,11,1,'2025-11-25 14:44:12',1,'2025-11-25 14:44:12','2025-11-25 14:44:12');
INSERT INTO `student` VALUES (62,'20230809030062','张062',0,'080903',4,'13810000062',0,1,1,11,2,'2025-11-25 14:44:12',1,'2025-11-25 14:44:12','2025-11-25 14:44:12');
INSERT INTO `student` VALUES (63,'20230809030063','张063',0,'080903',4,'13810000063',0,1,1,11,3,'2025-11-25 14:44:12',1,'2025-11-25 14:44:12','2025-11-25 14:44:12');
INSERT INTO `student` VALUES (64,'20230809030064','张064',0,'080903',4,'13810000064',0,1,1,11,4,'2025-11-25 14:44:12',1,'2025-11-25 14:44:12','2025-11-25 14:44:12');
INSERT INTO `student` VALUES (65,'20230809030065','张065',0,'080903',4,'13810000065',0,1,1,11,5,'2025-11-25 14:44:12',1,'2025-11-25 14:44:12','2025-11-25 14:44:12');
INSERT INTO `student` VALUES (66,'20230809030066','张066',0,'080903',4,'13810000066',0,1,1,11,6,'2025-11-25 14:44:12',1,'2025-11-25 14:44:12','2025-11-25 14:44:12');
INSERT INTO `student` VALUES (67,'20230809030067','张067',0,'080903',4,'13810000067',0,1,1,12,1,'2025-11-25 14:44:12',1,'2025-11-25 14:44:12','2025-11-25 14:44:12');
INSERT INTO `student` VALUES (68,'20230809030068','张068',0,'080903',4,'13810000068',0,1,1,12,2,'2025-11-25 14:44:12',1,'2025-11-25 14:44:12','2025-11-25 14:44:12');
INSERT INTO `student` VALUES (69,'20230809030069','张069',0,'080903',4,'13810000069',0,1,1,12,3,'2025-11-25 14:44:12',1,'2025-11-25 14:44:12','2025-11-25 14:44:12');
INSERT INTO `student` VALUES (70,'20230809030070','张070',0,'080903',4,'13810000070',0,1,1,12,4,'2025-11-25 14:44:12',1,'2025-11-25 14:44:12','2025-11-25 14:44:12');
INSERT INTO `student` VALUES (71,'20230809030071','张071',0,'080903',4,'13810000071',0,1,1,12,5,'2025-11-25 14:44:12',1,'2025-11-25 14:44:12','2025-11-25 14:44:12');
INSERT INTO `student` VALUES (72,'20230809030072','张072',0,'080903',4,'13810000072',0,1,1,12,6,'2025-11-25 14:44:12',1,'2025-11-25 14:44:12','2025-11-25 14:44:12');
INSERT INTO `student` VALUES (73,'20230809030073','张073',0,'080903',4,'13810000073',0,1,1,13,1,'2025-11-25 14:44:12',1,'2025-11-25 14:44:12','2025-11-25 14:44:12');
INSERT INTO `student` VALUES (74,'20230809030074','张074',0,'080903',4,'13810000074',0,1,1,13,2,'2025-11-25 14:44:12',1,'2025-11-25 14:44:12','2025-11-25 14:44:12');
INSERT INTO `student` VALUES (75,'20230809030075','张075',0,'080903',4,'13810000075',0,1,1,13,3,'2025-11-25 14:44:12',1,'2025-11-25 14:44:12','2025-11-25 14:44:12');
INSERT INTO `student` VALUES (76,'20230809030076','张076',0,'080903',4,'13810000076',0,1,1,13,4,'2025-11-25 14:44:12',1,'2025-11-25 14:44:12','2025-11-25 14:44:12');
INSERT INTO `student` VALUES (77,'20230809030077','张077',0,'080903',4,'13810000077',0,1,1,13,5,'2025-11-25 14:44:12',1,'2025-11-25 14:44:12','2025-11-25 14:44:12');
INSERT INTO `student` VALUES (78,'20230809030078','张078',0,'080903',4,'13810000078',0,1,1,13,6,'2025-11-25 14:44:12',1,'2025-11-25 14:44:12','2025-11-25 14:44:12');
INSERT INTO `student` VALUES (79,'20230809030079','张079',0,'080903',4,'13810000079',0,1,1,14,1,'2025-11-25 14:44:12',1,'2025-11-25 14:44:12','2025-11-25 14:44:12');
INSERT INTO `student` VALUES (80,'20230809030080','张080',0,'080903',4,'13810000080',0,1,1,14,2,'2025-11-25 14:44:12',1,'2025-11-25 14:44:12','2025-11-25 14:44:12');
INSERT INTO `student` VALUES (81,'20230809030081','张081',0,'080903',4,'13810000081',0,1,1,14,3,'2025-11-25 14:44:12',1,'2025-11-25 14:44:12','2025-11-25 14:44:12');
INSERT INTO `student` VALUES (82,'20230809030082','张082',0,'080903',4,'13810000082',0,1,1,14,4,'2025-11-25 14:44:12',1,'2025-11-25 14:44:12','2025-11-25 14:44:12');
INSERT INTO `student` VALUES (83,'20230809030083','张083',0,'080903',4,'13810000083',0,1,1,14,5,'2025-11-25 14:44:12',1,'2025-11-25 14:44:12','2025-11-25 14:44:12');
INSERT INTO `student` VALUES (84,'20230809030084','张084',0,'080903',4,'13810000084',0,1,1,14,6,'2025-11-25 14:44:12',1,'2025-11-25 14:44:12','2025-11-25 14:44:12');
INSERT INTO `student` VALUES (85,'20230809030085','张085',0,'080903',4,'13810000085',0,1,1,15,1,'2025-11-25 14:44:12',1,'2025-11-25 14:44:12','2025-11-25 14:44:12');
INSERT INTO `student` VALUES (86,'20230809030086','张086',0,'080903',4,'13810000086',0,1,1,15,2,'2025-11-25 14:44:12',1,'2025-11-25 14:44:12','2025-11-25 14:44:12');
INSERT INTO `student` VALUES (87,'20230809030087','张087',0,'080903',4,'13810000087',0,1,1,15,3,'2025-11-25 14:44:12',1,'2025-11-25 14:44:12','2025-11-25 14:44:12');
INSERT INTO `student` VALUES (88,'20230809030088','张088',0,'080903',4,'13810000088',0,1,1,15,4,'2025-11-25 14:44:12',1,'2025-11-25 14:44:12','2025-11-25 14:44:12');
INSERT INTO `student` VALUES (89,'20230809030089','张089',0,'080903',4,'13810000089',0,1,1,15,5,'2025-11-25 14:44:12',1,'2025-11-25 14:44:12','2025-11-25 14:44:12');
INSERT INTO `student` VALUES (90,'20230809030090','张090',0,'080903',4,'13810000090',0,1,1,15,6,'2025-11-25 14:44:12',1,'2025-11-25 14:44:12','2025-11-25 14:44:12');
INSERT INTO `student` VALUES (91,'20230809030091','张091',0,'080903',4,'13810000091',0,1,1,16,1,'2025-11-25 14:44:12',1,'2025-11-25 14:44:12','2025-11-25 14:44:12');
INSERT INTO `student` VALUES (92,'20230809030092','张092',0,'080903',4,'13810000092',0,1,1,16,2,'2025-11-25 14:44:12',1,'2025-11-25 14:44:12','2025-11-25 14:44:12');
INSERT INTO `student` VALUES (93,'20230809030093','张093',0,'080903',4,'13810000093',0,1,1,16,3,'2025-11-25 14:44:12',1,'2025-11-25 14:44:12','2025-11-25 14:44:12');
INSERT INTO `student` VALUES (94,'20230809030094','张094',0,'080903',4,'13810000094',0,1,1,16,4,'2025-11-25 14:44:12',1,'2025-11-25 14:44:12','2025-11-25 14:44:12');
INSERT INTO `student` VALUES (95,'20230809030095','张095',0,'080903',4,'13810000095',0,1,1,16,5,'2025-11-25 14:44:12',1,'2025-11-25 14:44:12','2025-11-25 14:44:12');
INSERT INTO `student` VALUES (96,'20230809030096','张096',0,'080903',4,'13810000096',0,1,1,16,6,'2025-11-25 14:44:12',1,'2025-11-25 14:44:12','2025-11-25 14:44:12');
INSERT INTO `student` VALUES (97,'20230809030097','张097',0,'080903',4,'13810000097',0,1,1,17,1,'2025-11-25 14:44:12',1,'2025-11-25 14:44:12','2025-11-25 14:44:12');
INSERT INTO `student` VALUES (98,'20230809030098','张098',0,'080903',4,'13810000098',0,1,1,17,2,'2025-11-25 14:44:12',1,'2025-11-25 14:44:12','2025-11-25 14:44:12');
INSERT INTO `student` VALUES (99,'20230809030099','张099',0,'080903',4,'13810000099',0,1,1,17,3,'2025-11-25 14:44:12',1,'2025-11-25 14:44:12','2025-11-25 14:44:12');
INSERT INTO `student` VALUES (100,'20230809030100','张100',0,'080903',4,'13810000100',0,1,1,17,4,'2025-11-25 14:44:12',1,'2025-11-25 14:44:12','2025-11-25 14:44:12');
INSERT INTO `student` VALUES (101,'20230809030101','张101',0,'080903',4,'13810000101',0,1,1,17,5,'2025-11-25 14:44:12',1,'2025-11-25 14:44:12','2025-11-25 14:44:12');
INSERT INTO `student` VALUES (102,'20230809030102','张102',0,'080903',4,'13810000102',0,1,1,17,6,'2025-11-25 14:44:12',1,'2025-11-25 14:44:12','2025-11-25 14:44:12');
INSERT INTO `student` VALUES (103,'20230809030103','张103',0,'080903',4,'13810000103',0,1,1,18,1,'2025-11-25 14:44:12',1,'2025-11-25 14:44:12','2025-11-25 14:44:12');
INSERT INTO `student` VALUES (104,'20230809030104','张104',0,'080903',4,'13810000104',0,1,1,18,2,'2025-11-25 14:44:12',1,'2025-11-25 14:44:12','2025-11-25 14:44:12');
INSERT INTO `student` VALUES (105,'20230809030105','张105',0,'080903',4,'13810000105',0,1,1,18,3,'2025-11-25 14:44:12',1,'2025-11-25 14:44:12','2025-11-25 14:44:12');
INSERT INTO `student` VALUES (106,'20230809030106','张106',0,'080903',4,'13810000106',0,1,1,18,4,'2025-11-25 14:44:12',1,'2025-11-25 14:44:12','2025-11-25 14:44:12');
INSERT INTO `student` VALUES (107,'20230809030107','张107',0,'080903',4,'13810000107',0,1,1,18,5,'2025-11-25 14:44:12',1,'2025-11-25 14:44:12','2025-11-25 14:44:12');
INSERT INTO `student` VALUES (108,'20230809030108','张108',0,'080903',4,'13810000108',0,1,1,18,6,'2025-11-25 14:44:12',1,'2025-11-25 14:44:12','2025-11-25 14:44:12');
INSERT INTO `student` VALUES (109,'20230809030109','张109',0,'080903',4,'13810000109',0,1,1,19,1,'2025-11-25 14:44:12',1,'2025-11-25 14:44:12','2025-11-25 14:44:12');
INSERT INTO `student` VALUES (110,'20230809030110','张110',0,'080903',4,'13810000110',0,1,1,19,2,'2025-11-25 14:44:12',1,'2025-11-25 14:44:12','2025-11-25 14:44:12');
INSERT INTO `student` VALUES (111,'20230809030111','张111',0,'080903',4,'13810000111',0,1,1,19,3,'2025-11-25 14:44:12',1,'2025-11-25 14:44:12','2025-11-25 14:44:12');
INSERT INTO `student` VALUES (112,'20230809030112','张112',0,'080903',4,'13810000112',0,1,1,19,4,'2025-11-25 14:44:12',1,'2025-11-25 14:44:12','2025-11-25 14:44:12');
INSERT INTO `student` VALUES (113,'20230809030113','张113',0,'080903',4,'13810000113',0,1,1,19,5,'2025-11-25 14:44:12',1,'2025-11-25 14:44:12','2025-11-25 14:44:12');
INSERT INTO `student` VALUES (114,'20230809030114','张114',0,'080903',4,'13810000114',0,1,1,19,6,'2025-11-25 14:44:12',1,'2025-11-25 14:44:12','2025-11-25 14:44:12');
INSERT INTO `student` VALUES (115,'20230809030115','张115',0,'080903',4,'13810000115',0,1,1,20,1,'2025-11-25 14:44:12',1,'2025-11-25 14:44:12','2025-11-25 14:44:12');
INSERT INTO `student` VALUES (116,'20230809030116','张116',0,'080903',4,'13810000116',0,1,1,20,2,'2025-11-25 14:44:12',1,'2025-11-25 14:44:12','2025-11-25 14:44:12');
INSERT INTO `student` VALUES (117,'20230809030117','张117',0,'080903',4,'13810000117',0,1,1,20,3,'2025-11-25 14:44:12',1,'2025-11-25 14:44:12','2025-11-25 14:44:12');
INSERT INTO `student` VALUES (118,'20230809030118','张118',0,'080903',4,'13810000118',0,1,1,20,4,'2025-11-25 14:44:12',1,'2025-11-25 14:44:12','2025-11-25 14:44:12');
INSERT INTO `student` VALUES (119,'20230809030119','张119',0,'080903',4,'13810000119',0,1,1,20,5,'2025-11-25 14:44:12',1,'2025-11-25 14:44:12','2025-11-25 14:44:12');
INSERT INTO `student` VALUES (120,'20230809030120','张120',0,'080903',4,'13810000120',0,1,1,20,6,'2025-11-25 14:44:12',1,'2025-11-25 14:44:12','2025-11-25 14:44:12');
INSERT INTO `student` VALUES (128,'20230810010121','王121',0,'081001',12,'13820000121',10,2,8,218,1,'2025-11-25 14:44:12',1,'2025-11-25 14:44:12','2025-12-05 17:44:30');
INSERT INTO `student` VALUES (129,'20230810010122','王122',0,'081001',12,'13820000122',0,2,8,218,2,'2025-11-25 14:44:12',1,'2025-11-25 14:44:12','2025-11-25 14:44:12');
INSERT INTO `student` VALUES (130,'20230810010123','王123',0,'081001',12,'13820000123',0,2,8,218,3,'2025-11-25 14:44:12',1,'2025-11-25 14:44:12','2025-11-25 14:44:12');
INSERT INTO `student` VALUES (132,'20230810010125','王125',0,'081001',12,'13820000125',0,2,8,218,5,'2025-11-25 14:44:12',1,'2025-11-25 14:44:12','2025-11-25 14:44:12');
INSERT INTO `student` VALUES (133,'20230810010126','王126',0,'081001',12,'13820000126',0,2,8,218,6,'2025-11-25 14:44:12',1,'2025-11-25 14:44:12','2025-11-25 14:44:12');
INSERT INTO `student` VALUES (134,'20230810010127','王127',0,'081001',12,'13820000127',0,2,8,219,1,'2025-11-25 14:44:12',1,'2025-11-25 14:44:12','2025-11-25 14:44:12');
INSERT INTO `student` VALUES (135,'20230810010128','王128',0,'081001',12,'13820000128',0,2,8,219,2,'2025-11-25 14:44:12',1,'2025-11-25 14:44:12','2025-11-25 14:44:12');
INSERT INTO `student` VALUES (136,'20230810010129','王129',0,'081001',12,'13820000129',0,2,8,219,3,'2025-11-25 14:44:12',1,'2025-11-25 14:44:12','2025-11-25 14:44:12');
INSERT INTO `student` VALUES (137,'20230810010130','王130',0,'081001',12,'13820000130',0,2,8,219,4,'2025-11-25 14:44:12',1,'2025-11-25 14:44:12','2025-11-25 14:44:12');
INSERT INTO `student` VALUES (138,'20230810010131','王131',0,'081001',12,'13820000131',0,2,8,219,5,'2025-11-25 14:44:12',1,'2025-11-25 14:44:12','2025-11-25 14:44:12');
INSERT INTO `student` VALUES (139,'20230810010132','王132',0,'081001',12,'13820000132',0,2,8,219,6,'2025-11-25 14:44:12',1,'2025-11-25 14:44:12','2025-11-25 14:44:12');
INSERT INTO `student` VALUES (140,'20230810010133','王133',0,'081001',12,'13820000133',0,2,8,220,1,'2025-11-25 14:44:12',1,'2025-11-25 14:44:12','2025-11-25 14:44:12');
INSERT INTO `student` VALUES (141,'20230810010134','王134',0,'081001',12,'13820000134',0,2,8,220,2,'2025-11-25 14:44:12',1,'2025-11-25 14:44:12','2025-11-25 14:44:12');
INSERT INTO `student` VALUES (142,'20230810010135','王135',0,'081001',12,'13820000135',0,2,8,220,3,'2025-11-25 14:44:12',1,'2025-11-25 14:44:12','2025-11-25 14:44:12');
INSERT INTO `student` VALUES (143,'20230810010136','王136',0,'081001',12,'13820000136',0,2,8,220,4,'2025-11-25 14:44:12',1,'2025-11-25 14:44:12','2025-11-25 14:44:12');
INSERT INTO `student` VALUES (144,'20230810010137','王137',0,'081001',12,'13820000137',0,2,8,220,5,'2025-11-25 14:44:12',1,'2025-11-25 14:44:12','2025-11-25 14:44:12');
INSERT INTO `student` VALUES (145,'20230810010138','王138',0,'081001',12,'13820000138',0,2,8,220,6,'2025-11-25 14:44:12',1,'2025-11-25 14:44:12','2025-11-25 14:44:12');
INSERT INTO `student` VALUES (146,'20230810010139','王139',0,'081001',12,'13820000139',0,2,8,221,1,'2025-11-25 14:44:12',1,'2025-11-25 14:44:12','2025-11-25 14:44:12');
INSERT INTO `student` VALUES (147,'20230810010140','王140',0,'081001',12,'13820000140',0,2,8,221,2,'2025-11-25 14:44:12',1,'2025-11-25 14:44:12','2025-11-25 14:44:12');
INSERT INTO `student` VALUES (148,'20230810010141','王141',0,'081001',12,'13820000141',0,2,8,221,3,'2025-11-25 14:44:12',1,'2025-11-25 14:44:12','2025-11-25 14:44:12');
INSERT INTO `student` VALUES (149,'20230810010142','王142',0,'081001',12,'13820000142',0,2,8,221,4,'2025-11-25 14:44:12',1,'2025-11-25 14:44:12','2025-11-25 14:44:12');
INSERT INTO `student` VALUES (150,'20230810010143','王143',0,'081001',12,'13820000143',0,2,8,221,5,'2025-11-25 14:44:12',1,'2025-11-25 14:44:12','2025-11-25 14:44:12');
INSERT INTO `student` VALUES (151,'20230810010144','王144',0,'081001',12,'13820000144',0,2,8,221,6,'2025-11-25 14:44:12',1,'2025-11-25 14:44:12','2025-11-25 14:44:12');
INSERT INTO `student` VALUES (152,'20230810010145','王145',0,'081001',12,'13820000145',0,2,8,222,1,'2025-11-25 14:44:12',1,'2025-11-25 14:44:12','2025-11-25 14:44:12');
INSERT INTO `student` VALUES (153,'20230810010146','王146',0,'081001',12,'13820000146',0,2,8,222,2,'2025-11-25 14:44:12',1,'2025-11-25 14:44:12','2025-11-25 14:44:12');
INSERT INTO `student` VALUES (154,'20230810010147','王147',0,'081001',12,'13820000147',0,2,8,222,3,'2025-11-25 14:44:12',1,'2025-11-25 14:44:12','2025-11-25 14:44:12');
INSERT INTO `student` VALUES (155,'20230810010148','王148',0,'081001',12,'13820000148',0,2,8,222,4,'2025-11-25 14:44:12',1,'2025-11-25 14:44:12','2025-11-25 14:44:12');
INSERT INTO `student` VALUES (156,'20230810010149','王149',0,'081001',12,'13820000149',0,2,8,222,5,'2025-11-25 14:44:12',1,'2025-11-25 14:44:12','2025-11-25 14:44:12');
INSERT INTO `student` VALUES (157,'20230810010150','王150',0,'081001',12,'13820000150',0,2,8,222,6,'2025-11-25 14:44:12',1,'2025-11-25 14:44:12','2025-11-25 14:44:12');
INSERT INTO `student` VALUES (158,'20230810010151','王151',0,'081001',12,'13820000151',0,2,8,223,1,'2025-11-25 14:44:12',1,'2025-11-25 14:44:12','2025-11-25 14:44:12');
INSERT INTO `student` VALUES (159,'20230810010152','王152',0,'081001',12,'13820000152',0,2,8,223,2,'2025-11-25 14:44:12',1,'2025-11-25 14:44:12','2025-11-25 14:44:12');
INSERT INTO `student` VALUES (160,'20230810010153','王153',0,'081001',12,'13820000153',0,2,8,223,3,'2025-11-25 14:44:12',1,'2025-11-25 14:44:12','2025-11-25 14:44:12');
INSERT INTO `student` VALUES (161,'20230810010154','王154',0,'081001',12,'13820000154',0,2,8,223,4,'2025-11-25 14:44:12',1,'2025-11-25 14:44:12','2025-11-25 14:44:12');
INSERT INTO `student` VALUES (162,'20230810010155','王155',0,'081001',12,'13820000155',0,2,8,223,5,'2025-11-25 14:44:12',1,'2025-11-25 14:44:12','2025-11-25 14:44:12');
INSERT INTO `student` VALUES (163,'20230810010156','王156',0,'081001',12,'13820000156',0,2,8,223,6,'2025-11-25 14:44:12',1,'2025-11-25 14:44:12','2025-11-25 14:44:12');
INSERT INTO `student` VALUES (164,'20230810010157','王157',0,'081001',12,'13820000157',0,2,8,224,1,'2025-11-25 14:44:12',1,'2025-11-25 14:44:12','2025-11-25 14:44:12');
INSERT INTO `student` VALUES (165,'20230810010158','王158',0,'081001',12,'13820000158',0,2,8,224,2,'2025-11-25 14:44:12',1,'2025-11-25 14:44:12','2025-11-25 14:44:12');
INSERT INTO `student` VALUES (166,'20230810010159','王159',0,'081001',12,'13820000159',0,2,8,224,3,'2025-11-25 14:44:12',1,'2025-11-25 14:44:12','2025-11-25 14:44:12');
INSERT INTO `student` VALUES (167,'20230810010160','王160',0,'081001',12,'13820000160',0,2,8,224,4,'2025-11-25 14:44:12',1,'2025-11-25 14:44:12','2025-11-25 14:44:12');
INSERT INTO `student` VALUES (168,'20230810010161','王161',0,'081001',12,'13820000161',0,2,8,224,5,'2025-11-25 14:44:12',1,'2025-11-25 14:44:12','2025-11-25 14:44:12');
INSERT INTO `student` VALUES (169,'20230810010162','王162',0,'081001',12,'13820000162',0,2,8,224,6,'2025-11-25 14:44:12',1,'2025-11-25 14:44:12','2025-11-25 14:44:12');
INSERT INTO `student` VALUES (170,'20230810010163','王163',0,'081001',12,'13820000163',0,2,8,225,1,'2025-11-25 14:44:12',1,'2025-11-25 14:44:12','2025-11-25 14:44:12');
INSERT INTO `student` VALUES (171,'20230810010164','王164',0,'081001',12,'13820000164',0,2,8,225,2,'2025-11-25 14:44:12',1,'2025-11-25 14:44:12','2025-11-25 14:44:12');
INSERT INTO `student` VALUES (172,'20230810010165','王165',0,'081001',12,'13820000165',0,2,8,225,3,'2025-11-25 14:44:12',1,'2025-11-25 14:44:12','2025-11-25 14:44:12');
INSERT INTO `student` VALUES (173,'20230810010166','王166',0,'081001',12,'13820000166',0,2,8,225,4,'2025-11-25 14:44:12',1,'2025-11-25 14:44:12','2025-11-25 14:44:12');
INSERT INTO `student` VALUES (174,'20230810010167','王167',0,'081001',12,'13820000167',0,2,8,225,5,'2025-11-25 14:44:12',1,'2025-11-25 14:44:12','2025-11-25 14:44:12');
INSERT INTO `student` VALUES (175,'20230810010168','王168',0,'081001',12,'13820000168',0,2,8,225,6,'2025-11-25 14:44:12',1,'2025-11-25 14:44:12','2025-11-25 14:44:12');
INSERT INTO `student` VALUES (176,'20230810010169','王169',0,'081001',12,'13820000169',0,2,8,226,1,'2025-11-25 14:44:12',1,'2025-11-25 14:44:12','2025-11-25 14:44:12');
INSERT INTO `student` VALUES (177,'20230810010170','王170',0,'081001',12,'13820000170',0,2,8,226,2,'2025-11-25 14:44:12',1,'2025-11-25 14:44:12','2025-11-25 14:44:12');
INSERT INTO `student` VALUES (178,'20230810010171','王171',0,'081001',12,'13820000171',0,2,8,226,3,'2025-11-25 14:44:12',1,'2025-11-25 14:44:12','2025-11-25 14:44:12');
INSERT INTO `student` VALUES (179,'20230810010172','王172',0,'081001',12,'13820000172',0,2,8,226,4,'2025-11-25 14:44:12',1,'2025-11-25 14:44:12','2025-11-25 14:44:12');
INSERT INTO `student` VALUES (180,'20230810010173','王173',0,'081001',12,'13820000173',0,2,8,226,5,'2025-11-25 14:44:12',1,'2025-11-25 14:44:12','2025-11-25 14:44:12');
INSERT INTO `student` VALUES (181,'20230810010174','王174',0,'081001',12,'13820000174',0,2,8,226,6,'2025-11-25 14:44:12',1,'2025-11-25 14:44:12','2025-11-25 14:44:12');
INSERT INTO `student` VALUES (182,'20230810010175','王175',0,'081001',12,'13820000175',0,2,8,227,1,'2025-11-25 14:44:12',1,'2025-11-25 14:44:12','2025-11-25 14:44:12');
INSERT INTO `student` VALUES (183,'20230810010176','王176',0,'081001',12,'13820000176',0,2,8,227,2,'2025-11-25 14:44:12',1,'2025-11-25 14:44:12','2025-11-25 14:44:12');
INSERT INTO `student` VALUES (184,'20230810010177','王177',0,'081001',12,'13820000177',0,2,8,227,3,'2025-11-25 14:44:12',1,'2025-11-25 14:44:12','2025-11-25 14:44:12');
INSERT INTO `student` VALUES (185,'20230810010178','王178',0,'081001',12,'13820000178',0,2,8,227,4,'2025-11-25 14:44:12',1,'2025-11-25 14:44:12','2025-11-25 14:44:12');
INSERT INTO `student` VALUES (186,'20230810010179','王179',0,'081001',12,'13820000179',0,2,8,227,5,'2025-11-25 14:44:12',1,'2025-11-25 14:44:12','2025-11-25 14:44:12');
INSERT INTO `student` VALUES (187,'20230810010180','王180',0,'081001',12,'13820000180',0,2,8,227,6,'2025-11-25 14:44:12',1,'2025-11-25 14:44:12','2025-11-25 14:44:12');
INSERT INTO `student` VALUES (188,'20230810010181','王181',0,'081001',12,'13820000181',0,2,8,228,1,'2025-11-25 14:44:12',1,'2025-11-25 14:44:12','2025-11-25 14:44:12');
INSERT INTO `student` VALUES (189,'20230810010182','王182',0,'081001',12,'13820000182',0,2,8,228,2,'2025-11-25 14:44:12',1,'2025-11-25 14:44:12','2025-11-25 14:44:12');
INSERT INTO `student` VALUES (190,'20230810010183','王183',0,'081001',12,'13820000183',0,2,8,228,3,'2025-11-25 14:44:12',1,'2025-11-25 14:44:12','2025-11-25 14:44:12');
INSERT INTO `student` VALUES (191,'20230810010184','王184',0,'081001',12,'13820000184',0,2,8,228,4,'2025-11-25 14:44:12',1,'2025-11-25 14:44:12','2025-11-25 14:44:12');
INSERT INTO `student` VALUES (192,'20230810010185','王185',0,'081001',12,'13820000185',0,2,8,228,5,'2025-11-25 14:44:12',1,'2025-11-25 14:44:12','2025-11-25 14:44:12');
INSERT INTO `student` VALUES (193,'20230810010186','王186',0,'081001',12,'13820000186',0,2,8,228,6,'2025-11-25 14:44:12',1,'2025-11-25 14:44:12','2025-11-25 14:44:12');
INSERT INTO `student` VALUES (194,'20230810010187','王187',0,'081001',12,'13820000187',0,2,8,229,1,'2025-11-25 14:44:12',1,'2025-11-25 14:44:12','2025-11-25 14:44:12');
INSERT INTO `student` VALUES (195,'20230810010188','王188',0,'081001',12,'13820000188',0,2,8,229,2,'2025-11-25 14:44:12',1,'2025-11-25 14:44:12','2025-11-25 14:44:12');
INSERT INTO `student` VALUES (196,'20230810010189','王189',0,'081001',12,'13820000189',0,2,8,229,3,'2025-11-25 14:44:12',1,'2025-11-25 14:44:12','2025-11-25 14:44:12');
INSERT INTO `student` VALUES (197,'20230810010190','王190',0,'081001',12,'13820000190',0,2,8,229,4,'2025-11-25 14:44:12',1,'2025-11-25 14:44:12','2025-11-25 14:44:12');
INSERT INTO `student` VALUES (198,'20230810010191','王191',0,'081001',12,'13820000191',0,2,8,229,5,'2025-11-25 14:44:12',1,'2025-11-25 14:44:12','2025-11-25 14:44:12');
INSERT INTO `student` VALUES (199,'20230810010192','王192',0,'081001',12,'13820000192',0,2,8,229,6,'2025-11-25 14:44:12',1,'2025-11-25 14:44:12','2025-11-25 14:44:12');
INSERT INTO `student` VALUES (200,'20230810010193','王193',0,'081001',12,'13820000193',0,2,8,230,1,'2025-11-25 14:44:12',1,'2025-11-25 14:44:12','2025-11-25 14:44:12');
INSERT INTO `student` VALUES (201,'20230810010194','王194',0,'081001',12,'13820000194',0,2,8,230,2,'2025-11-25 14:44:12',1,'2025-11-25 14:44:12','2025-11-25 14:44:12');
INSERT INTO `student` VALUES (202,'20230810010195','王195',0,'081001',12,'13820000195',0,2,8,230,3,'2025-11-25 14:44:12',1,'2025-11-25 14:44:12','2025-11-25 14:44:12');
INSERT INTO `student` VALUES (203,'20230810010196','王196',0,'081001',12,'13820000196',0,2,8,230,4,'2025-11-25 14:44:12',1,'2025-11-25 14:44:12','2025-11-25 14:44:12');
INSERT INTO `student` VALUES (204,'20230810010197','王197',0,'081001',12,'13820000197',0,2,8,230,5,'2025-11-25 14:44:12',1,'2025-11-25 14:44:12','2025-11-25 14:44:12');
INSERT INTO `student` VALUES (205,'20230810010198','王198',0,'081001',12,'13820000198',0,2,8,230,6,'2025-11-25 14:44:12',1,'2025-11-25 14:44:12','2025-11-25 14:44:12');
INSERT INTO `student` VALUES (206,'20230810010199','王199',0,'081001',12,'13820000199',0,2,8,231,1,'2025-11-25 14:44:12',1,'2025-11-25 14:44:12','2025-11-25 14:44:12');
INSERT INTO `student` VALUES (207,'20230810010200','王200',0,'081001',12,'13820000200',0,2,8,231,2,'2025-11-25 14:44:12',1,'2025-11-25 14:44:12','2025-11-25 14:44:12');
INSERT INTO `student` VALUES (255,'20230807010201','李201',1,'080701',5,'13830000201',10,3,12,342,1,'2025-11-25 14:44:12',1,'2025-11-25 14:44:12','2025-12-05 17:44:11');
INSERT INTO `student` VALUES (256,'20230807010202','李202',1,'080701',5,'13830000202',0,3,12,342,2,'2025-11-25 14:44:12',1,'2025-11-25 14:44:12','2025-11-25 14:44:12');
INSERT INTO `student` VALUES (257,'20230807010203','李203',1,'080701',5,'13830000203',0,3,12,342,3,'2025-11-25 14:44:12',1,'2025-11-25 14:44:12','2025-11-25 14:44:12');
INSERT INTO `student` VALUES (258,'20230807010204','李204',1,'080701',5,'13830000204',0,3,12,342,4,'2025-11-25 14:44:12',1,'2025-11-25 14:44:12','2025-11-25 14:44:12');
INSERT INTO `student` VALUES (259,'20230807010205','李205',1,'080701',5,'13830000205',0,3,12,342,5,'2025-11-25 14:44:12',1,'2025-11-25 14:44:12','2025-11-25 14:44:12');
INSERT INTO `student` VALUES (260,'20230807010206','李206',1,'080701',5,'13830000206',0,3,12,342,6,'2025-11-25 14:44:12',1,'2025-11-25 14:44:12','2025-11-25 14:44:12');
INSERT INTO `student` VALUES (261,'20230807010207','李207',1,'080701',5,'13830000207',0,3,12,343,1,'2025-11-25 14:44:12',1,'2025-11-25 14:44:12','2025-11-25 14:44:12');
INSERT INTO `student` VALUES (262,'20230807010208','李208',1,'080701',5,'13830000208',0,3,12,343,2,'2025-11-25 14:44:12',1,'2025-11-25 14:44:12','2025-11-25 14:44:12');
INSERT INTO `student` VALUES (263,'20230807010209','李209',1,'080701',5,'13830000209',0,3,12,343,3,'2025-11-25 14:44:12',1,'2025-11-25 14:44:12','2025-11-25 14:44:12');
INSERT INTO `student` VALUES (264,'20230807010210','李210',1,'080701',5,'13830000210',0,3,12,343,4,'2025-11-25 14:44:12',1,'2025-11-25 14:44:12','2025-11-25 14:44:12');
INSERT INTO `student` VALUES (265,'20230807010211','李211',1,'080701',5,'13830000211',0,3,12,343,5,'2025-11-25 14:44:12',1,'2025-11-25 14:44:12','2025-11-25 14:44:12');
INSERT INTO `student` VALUES (266,'20230807010212','李212',1,'080701',5,'13830000212',0,3,12,343,6,'2025-11-25 14:44:12',1,'2025-11-25 14:44:12','2025-11-25 14:44:12');
INSERT INTO `student` VALUES (267,'20230807010213','李213',1,'080701',5,'13830000213',0,3,12,344,1,'2025-11-25 14:44:12',1,'2025-11-25 14:44:12','2025-11-25 14:44:12');
INSERT INTO `student` VALUES (268,'20230807010214','李214',1,'080701',5,'13830000214',0,3,12,344,2,'2025-11-25 14:44:12',1,'2025-11-25 14:44:12','2025-11-25 14:44:12');
INSERT INTO `student` VALUES (269,'20230807010215','李215',1,'080701',5,'13830000215',0,3,12,344,3,'2025-11-25 14:44:12',1,'2025-11-25 14:44:12','2025-11-25 14:44:12');
INSERT INTO `student` VALUES (270,'20230807010216','李216',1,'080701',5,'13830000216',0,3,12,344,4,'2025-11-25 14:44:12',1,'2025-11-25 14:44:12','2025-11-25 14:44:12');
INSERT INTO `student` VALUES (271,'20230807010217','李217',1,'080701',5,'13830000217',0,3,12,344,5,'2025-11-25 14:44:12',1,'2025-11-25 14:44:12','2025-11-25 14:44:12');
INSERT INTO `student` VALUES (272,'20230807010218','李218',1,'080701',5,'13830000218',0,3,12,344,6,'2025-11-25 14:44:12',1,'2025-11-25 14:44:12','2025-11-25 14:44:12');
INSERT INTO `student` VALUES (273,'20230807010219','李219',1,'080701',5,'13830000219',0,3,12,345,1,'2025-11-25 14:44:12',1,'2025-11-25 14:44:12','2025-11-25 14:44:12');
INSERT INTO `student` VALUES (274,'20230807010220','李220',1,'080701',5,'13830000220',0,3,12,345,2,'2025-11-25 14:44:12',1,'2025-11-25 14:44:12','2025-11-25 14:44:12');
INSERT INTO `student` VALUES (275,'20230807010221','李221',1,'080701',5,'13830000221',0,3,12,345,3,'2025-11-25 14:44:12',1,'2025-11-25 14:44:12','2025-11-25 14:44:12');
INSERT INTO `student` VALUES (276,'20230807010222','李222',1,'080701',5,'13830000222',0,3,12,345,4,'2025-11-25 14:44:12',1,'2025-11-25 14:44:12','2025-11-25 14:44:12');
INSERT INTO `student` VALUES (277,'20230807010223','李223',1,'080701',5,'13830000223',0,3,12,345,5,'2025-11-25 14:44:12',1,'2025-11-25 14:44:12','2025-11-25 14:44:12');
INSERT INTO `student` VALUES (278,'20230807010224','李224',1,'080701',5,'13830000224',0,3,12,345,6,'2025-11-25 14:44:12',1,'2025-11-25 14:44:12','2025-11-25 14:44:12');
INSERT INTO `student` VALUES (279,'20230807010225','李225',1,'080701',5,'13830000225',0,3,12,346,1,'2025-11-25 14:44:12',1,'2025-11-25 14:44:12','2025-11-25 14:44:12');
INSERT INTO `student` VALUES (280,'20230807010226','李226',1,'080701',5,'13830000226',0,3,12,346,2,'2025-11-25 14:44:12',1,'2025-11-25 14:44:12','2025-11-25 14:44:12');
INSERT INTO `student` VALUES (281,'20230807010227','李227',1,'080701',5,'13830000227',0,3,12,346,3,'2025-11-25 14:44:12',1,'2025-11-25 14:44:12','2025-11-25 14:44:12');
INSERT INTO `student` VALUES (282,'20230807010228','李228',1,'080701',5,'13830000228',0,3,12,346,4,'2025-11-25 14:44:12',1,'2025-11-25 14:44:12','2025-11-25 14:44:12');
INSERT INTO `student` VALUES (283,'20230807010229','李229',1,'080701',5,'13830000229',0,3,12,346,5,'2025-11-25 14:44:12',1,'2025-11-25 14:44:12','2025-11-25 14:44:12');
INSERT INTO `student` VALUES (284,'20230807010230','李230',1,'080701',5,'13830000230',0,3,12,346,6,'2025-11-25 14:44:12',1,'2025-11-25 14:44:12','2025-11-25 14:44:12');
INSERT INTO `student` VALUES (285,'20230807010231','李231',1,'080701',5,'13830000231',0,3,12,347,1,'2025-11-25 14:44:12',1,'2025-11-25 14:44:12','2025-11-25 14:44:12');
INSERT INTO `student` VALUES (286,'20230807010232','李232',1,'080701',5,'13830000232',0,3,12,347,2,'2025-11-25 14:44:12',1,'2025-11-25 14:44:12','2025-11-25 14:44:12');
INSERT INTO `student` VALUES (287,'20230807010233','李233',1,'080701',5,'13830000233',0,3,12,347,3,'2025-11-25 14:44:12',1,'2025-11-25 14:44:12','2025-11-25 14:44:12');
INSERT INTO `student` VALUES (288,'20230807010234','李234',1,'080701',5,'13830000234',0,3,12,347,4,'2025-11-25 14:44:12',1,'2025-11-25 14:44:12','2025-11-25 14:44:12');
INSERT INTO `student` VALUES (289,'20230807010235','李235',1,'080701',5,'13830000235',0,3,12,347,5,'2025-11-25 14:44:12',1,'2025-11-25 14:44:12','2025-11-25 14:44:12');
INSERT INTO `student` VALUES (290,'20230807010236','李236',1,'080701',5,'13830000236',0,3,12,347,6,'2025-11-25 14:44:12',1,'2025-11-25 14:44:12','2025-11-25 14:44:12');
INSERT INTO `student` VALUES (291,'20230807010237','李237',1,'080701',5,'13830000237',0,3,12,348,1,'2025-11-25 14:44:12',1,'2025-11-25 14:44:12','2025-11-25 14:44:12');
INSERT INTO `student` VALUES (292,'20230807010238','李238',1,'080701',5,'13830000238',0,3,12,348,2,'2025-11-25 14:44:12',1,'2025-11-25 14:44:12','2025-11-25 14:44:12');
INSERT INTO `student` VALUES (293,'20230807010239','李239',1,'080701',5,'13830000239',0,3,12,348,3,'2025-11-25 14:44:12',1,'2025-11-25 14:44:12','2025-11-25 14:44:12');
INSERT INTO `student` VALUES (294,'20230807010240','李240',1,'080701',5,'13830000240',0,3,12,348,4,'2025-11-25 14:44:12',1,'2025-11-25 14:44:12','2025-11-25 14:44:12');
INSERT INTO `student` VALUES (295,'20230807010241','李241',1,'080701',5,'13830000241',0,3,12,348,5,'2025-11-25 14:44:12',1,'2025-11-25 14:44:12','2025-11-25 14:44:12');
INSERT INTO `student` VALUES (296,'20230807010242','李242',1,'080701',5,'13830000242',0,3,12,348,6,'2025-11-25 14:44:12',1,'2025-11-25 14:44:12','2025-11-25 14:44:12');
INSERT INTO `student` VALUES (297,'20230807010243','李243',1,'080701',5,'13830000243',0,3,12,349,1,'2025-11-25 14:44:12',1,'2025-11-25 14:44:12','2025-11-25 14:44:12');
INSERT INTO `student` VALUES (298,'20230807010244','李244',1,'080701',5,'13830000244',0,3,12,349,2,'2025-11-25 14:44:12',1,'2025-11-25 14:44:12','2025-11-25 14:44:12');
INSERT INTO `student` VALUES (299,'20230807010245','李245',1,'080701',5,'13830000245',0,3,12,349,3,'2025-11-25 14:44:12',1,'2025-11-25 14:44:12','2025-11-25 14:44:12');
INSERT INTO `student` VALUES (300,'20230807010246','李246',1,'080701',5,'13830000246',0,3,12,349,4,'2025-11-25 14:44:12',1,'2025-11-25 14:44:12','2025-11-25 14:44:12');
INSERT INTO `student` VALUES (301,'20230807010247','李247',1,'080701',5,'13830000247',0,3,12,349,5,'2025-11-25 14:44:12',1,'2025-11-25 14:44:12','2025-11-25 14:44:12');
INSERT INTO `student` VALUES (302,'20230807010248','李248',1,'080701',5,'13830000248',0,3,12,349,6,'2025-11-25 14:44:12',1,'2025-11-25 14:44:12','2025-11-25 14:44:12');
INSERT INTO `student` VALUES (303,'20230807010249','李249',1,'080701',5,'13830000249',0,3,12,350,1,'2025-11-25 14:44:12',1,'2025-11-25 14:44:12','2025-11-25 14:44:12');
INSERT INTO `student` VALUES (304,'20230807010250','李250',1,'080701',5,'13830000250',0,3,12,350,2,'2025-11-25 14:44:12',1,'2025-11-25 14:44:12','2025-11-25 14:44:12');
INSERT INTO `student` VALUES (305,'20230807010251','李251',1,'080701',5,'13830000251',0,3,12,350,3,'2025-11-25 14:44:12',1,'2025-11-25 14:44:12','2025-11-25 14:44:12');
INSERT INTO `student` VALUES (306,'20230807010252','李252',1,'080701',5,'13830000252',0,3,12,350,4,'2025-11-25 14:44:12',1,'2025-11-25 14:44:12','2025-11-25 14:44:12');
INSERT INTO `student` VALUES (307,'20230807010253','李253',1,'080701',5,'13830000253',0,3,12,350,5,'2025-11-25 14:44:12',1,'2025-11-25 14:44:12','2025-11-25 14:44:12');
INSERT INTO `student` VALUES (308,'20230807010254','李254',1,'080701',5,'13830000254',0,3,12,350,6,'2025-11-25 14:44:12',1,'2025-11-25 14:44:12','2025-11-25 14:44:12');
INSERT INTO `student` VALUES (309,'20230807010255','李255',1,'080701',5,'13830000255',0,3,12,351,1,'2025-11-25 14:44:12',1,'2025-11-25 14:44:12','2025-11-25 14:44:12');
INSERT INTO `student` VALUES (310,'20230807010256','李256',1,'080701',5,'13830000256',0,3,12,351,2,'2025-11-25 14:44:12',1,'2025-11-25 14:44:12','2025-11-25 14:44:12');
INSERT INTO `student` VALUES (311,'20230807010257','李257',1,'080701',5,'13830000257',0,3,12,351,3,'2025-11-25 14:44:12',1,'2025-11-25 14:44:12','2025-11-25 14:44:12');
INSERT INTO `student` VALUES (312,'20230807010258','李258',1,'080701',5,'13830000258',0,3,12,351,4,'2025-11-25 14:44:12',1,'2025-11-25 14:44:12','2025-11-25 14:44:12');
INSERT INTO `student` VALUES (313,'20230807010259','李259',1,'080701',5,'13830000259',0,3,12,351,5,'2025-11-25 14:44:12',1,'2025-11-25 14:44:12','2025-11-25 14:44:12');
INSERT INTO `student` VALUES (314,'20230807010260','李260',1,'080701',5,'13830000260',0,3,12,351,6,'2025-11-25 14:44:12',1,'2025-11-25 14:44:12','2025-11-25 14:44:12');
INSERT INTO `student` VALUES (318,'20230501010261','赵261',1,'050101',10,'13840000261',0,4,17,497,1,'2025-11-25 14:44:12',1,'2025-11-25 14:44:12','2025-11-25 14:44:12');
INSERT INTO `student` VALUES (319,'20230501010262','赵262',1,'050101',10,'13840000262',0,4,17,497,2,'2025-11-25 14:44:12',1,'2025-11-25 14:44:12','2025-11-25 14:44:12');
INSERT INTO `student` VALUES (320,'20230501010263','赵263',1,'050101',10,'13840000263',0,4,17,497,3,'2025-11-25 14:44:12',1,'2025-11-25 14:44:12','2025-11-25 14:44:12');
INSERT INTO `student` VALUES (321,'20230501010264','赵264',1,'050101',10,'13840000264',0,4,17,497,4,'2025-11-25 14:44:12',1,'2025-11-25 14:44:12','2025-11-25 14:44:12');
INSERT INTO `student` VALUES (322,'20230501010265','赵265',1,'050101',10,'13840000265',0,4,17,497,5,'2025-11-25 14:44:12',1,'2025-11-25 14:44:12','2025-11-25 14:44:12');
INSERT INTO `student` VALUES (323,'20230501010266','赵266',1,'050101',10,'13840000266',0,4,17,497,6,'2025-11-25 14:44:12',1,'2025-11-25 14:44:12','2025-11-25 14:44:12');
INSERT INTO `student` VALUES (324,'20230501010267','赵267',1,'050101',10,'13840000267',0,4,17,498,1,'2025-11-25 14:44:12',1,'2025-11-25 14:44:12','2025-11-25 14:44:12');
INSERT INTO `student` VALUES (325,'20230501010268','赵268',1,'050101',10,'13840000268',0,4,17,498,2,'2025-11-25 14:44:12',1,'2025-11-25 14:44:12','2025-11-25 14:44:12');
INSERT INTO `student` VALUES (326,'20230501010269','赵269',1,'050101',10,'13840000269',0,4,17,498,3,'2025-11-25 14:44:12',1,'2025-11-25 14:44:12','2025-11-25 14:44:12');
INSERT INTO `student` VALUES (327,'20230501010270','赵270',1,'050101',10,'13840000270',0,4,17,498,4,'2025-11-25 14:44:12',1,'2025-11-25 14:44:12','2025-11-25 14:44:12');
INSERT INTO `student` VALUES (328,'20230501010271','赵271',1,'050101',10,'13840000271',0,4,17,498,5,'2025-11-25 14:44:12',1,'2025-11-25 14:44:12','2025-11-25 14:44:12');
INSERT INTO `student` VALUES (329,'20230501010272','赵272',1,'050101',10,'13840000272',0,4,17,498,6,'2025-11-25 14:44:12',1,'2025-11-25 14:44:12','2025-11-25 14:44:12');
INSERT INTO `student` VALUES (330,'20230501010273','赵273',1,'050101',10,'13840000273',0,4,17,499,1,'2025-11-25 14:44:12',1,'2025-11-25 14:44:12','2025-11-25 14:44:12');
INSERT INTO `student` VALUES (331,'20230501010274','赵274',1,'050101',10,'13840000274',0,4,17,499,2,'2025-11-25 14:44:12',1,'2025-11-25 14:44:12','2025-11-25 14:44:12');
INSERT INTO `student` VALUES (332,'20230501010275','赵275',1,'050101',10,'13840000275',0,4,17,499,3,'2025-11-25 14:44:12',1,'2025-11-25 14:44:12','2025-11-25 14:44:12');
INSERT INTO `student` VALUES (333,'20230501010276','赵276',1,'050101',10,'13840000276',0,4,17,499,4,'2025-11-25 14:44:12',1,'2025-11-25 14:44:12','2025-11-25 14:44:12');
INSERT INTO `student` VALUES (334,'20230501010277','赵277',1,'050101',10,'13840000277',0,4,17,499,5,'2025-11-25 14:44:12',1,'2025-11-25 14:44:12','2025-11-25 14:44:12');
INSERT INTO `student` VALUES (335,'20230501010278','赵278',1,'050101',10,'13840000278',0,4,17,499,6,'2025-11-25 14:44:12',1,'2025-11-25 14:44:12','2025-11-25 14:44:12');
INSERT INTO `student` VALUES (336,'20230501010279','赵279',1,'050101',10,'13840000279',0,4,17,500,1,'2025-11-25 14:44:12',1,'2025-11-25 14:44:12','2025-11-25 14:44:12');
INSERT INTO `student` VALUES (337,'20230501010280','赵280',1,'050101',10,'13840000280',0,4,17,500,2,'2025-11-25 14:44:12',1,'2025-11-25 14:44:12','2025-11-25 14:44:12');
INSERT INTO `student` VALUES (338,'20230501010281','赵281',1,'050101',10,'13840000281',0,4,17,500,3,'2025-11-25 14:44:12',1,'2025-11-25 14:44:12','2025-11-25 14:44:12');
INSERT INTO `student` VALUES (339,'20230501010282','赵282',1,'050101',10,'13840000282',0,4,17,500,4,'2025-11-25 14:44:12',1,'2025-11-25 14:44:12','2025-11-25 14:44:12');
INSERT INTO `student` VALUES (340,'20230501010283','赵283',1,'050101',10,'13840000283',0,4,17,500,5,'2025-11-25 14:44:12',1,'2025-11-25 14:44:12','2025-11-25 14:44:12');
INSERT INTO `student` VALUES (341,'20230501010284','赵284',1,'050101',10,'13840000284',0,4,17,500,6,'2025-11-25 14:44:12',1,'2025-11-25 14:44:12','2025-11-25 14:44:12');
INSERT INTO `student` VALUES (342,'20230501010285','赵285',1,'050101',10,'13840000285',0,4,17,501,1,'2025-11-25 14:44:12',1,'2025-11-25 14:44:12','2025-11-25 14:44:12');
INSERT INTO `student` VALUES (343,'20230501010286','赵286',1,'050101',10,'13840000286',0,4,17,501,2,'2025-11-25 14:44:12',1,'2025-11-25 14:44:12','2025-11-25 14:44:12');
INSERT INTO `student` VALUES (344,'20230501010287','赵287',1,'050101',10,'13840000287',0,4,17,501,3,'2025-11-25 14:44:12',1,'2025-11-25 14:44:12','2025-11-25 14:44:12');
INSERT INTO `student` VALUES (345,'20230501010288','赵288',1,'050101',10,'13840000288',0,4,17,501,4,'2025-11-25 14:44:12',1,'2025-11-25 14:44:12','2025-11-25 14:44:12');
INSERT INTO `student` VALUES (346,'20230501010289','赵289',1,'050101',10,'13840000289',0,4,17,501,5,'2025-11-25 14:44:12',1,'2025-11-25 14:44:12','2025-11-25 14:44:12');
INSERT INTO `student` VALUES (347,'20230501010290','赵290',1,'050101',10,'13840000290',0,4,17,501,6,'2025-11-25 14:44:12',1,'2025-11-25 14:44:12','2025-11-25 14:44:12');
INSERT INTO `student` VALUES (348,'20230501010291','赵291',1,'050101',10,'13840000291',0,4,17,502,1,'2025-11-25 14:44:12',1,'2025-11-25 14:44:12','2025-11-25 14:44:12');
INSERT INTO `student` VALUES (349,'20230501010292','赵292',1,'050101',10,'13840000292',0,4,17,502,2,'2025-11-25 14:44:12',1,'2025-11-25 14:44:12','2025-11-25 14:44:12');
INSERT INTO `student` VALUES (350,'20230501010293','赵293',1,'050101',10,'13840000293',0,4,17,502,3,'2025-11-25 14:44:12',1,'2025-11-25 14:44:12','2025-11-25 14:44:12');
INSERT INTO `student` VALUES (351,'20230501010294','赵294',1,'050101',10,'13840000294',0,4,17,502,4,'2025-11-25 14:44:12',1,'2025-11-25 14:44:12','2025-11-25 14:44:12');
INSERT INTO `student` VALUES (352,'20230501010295','赵295',1,'050101',10,'13840000295',0,4,17,502,5,'2025-11-25 14:44:12',1,'2025-11-25 14:44:12','2025-11-25 14:44:12');
INSERT INTO `student` VALUES (353,'20230501010296','赵296',1,'050101',10,'13840000296',0,4,17,502,6,'2025-11-25 14:44:12',1,'2025-11-25 14:44:12','2025-11-25 14:44:12');
INSERT INTO `student` VALUES (354,'20230501010297','赵297',1,'050101',10,'13840000297',0,4,17,503,1,'2025-11-25 14:44:12',1,'2025-11-25 14:44:12','2025-11-25 14:44:12');
INSERT INTO `student` VALUES (355,'20230501010298','赵298',1,'050101',10,'13840000298',0,4,17,503,2,'2025-11-25 14:44:12',1,'2025-11-25 14:44:12','2025-11-25 14:44:12');
INSERT INTO `student` VALUES (356,'20230501010299','赵299',1,'050101',10,'13840000299',0,4,17,503,3,'2025-11-25 14:44:12',1,'2025-11-25 14:44:12','2025-11-25 14:44:12');
INSERT INTO `student` VALUES (357,'20230501010300','赵300',1,'050101',10,'13840000300',0,4,17,503,4,'2025-11-25 14:44:12',1,'2025-11-25 14:44:12','2025-11-25 14:44:12');
INSERT INTO `student` VALUES (358,'20230501010301','赵301',1,'050101',10,'13840000301',0,4,17,503,5,'2025-11-25 14:44:12',1,'2025-11-25 14:44:12','2025-11-25 14:44:12');
INSERT INTO `student` VALUES (359,'20230501010302','赵302',1,'050101',10,'13840000302',0,4,17,503,6,'2025-11-25 14:44:12',1,'2025-11-25 14:44:12','2025-11-25 14:44:12');
INSERT INTO `student` VALUES (360,'20230501010303','赵303',1,'050101',10,'13840000303',0,4,17,504,1,'2025-11-25 14:44:12',1,'2025-11-25 14:44:12','2025-11-25 14:44:12');
INSERT INTO `student` VALUES (361,'20230501010304','赵304',1,'050101',10,'13840000304',0,4,17,504,2,'2025-11-25 14:44:12',1,'2025-11-25 14:44:12','2025-11-25 14:44:12');
INSERT INTO `student` VALUES (362,'20230501010305','赵305',1,'050101',10,'13840000305',0,4,17,504,3,'2025-11-25 14:44:12',1,'2025-11-25 14:44:12','2025-11-25 14:44:12');
INSERT INTO `student` VALUES (363,'20230501010306','赵306',1,'050101',10,'13840000306',0,4,17,504,4,'2025-11-25 14:44:12',1,'2025-11-25 14:44:12','2025-11-25 14:44:12');
INSERT INTO `student` VALUES (364,'20230501010307','赵307',1,'050101',10,'13840000307',0,4,17,504,5,'2025-11-25 14:44:12',1,'2025-11-25 14:44:12','2025-11-25 14:44:12');
INSERT INTO `student` VALUES (365,'20230501010308','赵308',1,'050101',10,'13840000308',0,4,17,504,6,'2025-11-25 14:44:12',1,'2025-11-25 14:44:12','2025-11-25 14:44:12');
INSERT INTO `student` VALUES (366,'20230501010309','赵309',1,'050101',10,'13840000309',0,4,17,505,1,'2025-11-25 14:44:12',1,'2025-11-25 14:44:12','2025-11-25 14:44:12');
INSERT INTO `student` VALUES (367,'20230501010310','赵310',1,'050101',10,'13840000310',0,4,17,505,2,'2025-11-25 14:44:12',1,'2025-11-25 14:44:12','2025-11-25 14:44:12');
INSERT INTO `student` VALUES (368,'20230501010311','赵311',1,'050101',10,'13840000311',0,4,17,505,3,'2025-11-25 14:44:12',1,'2025-11-25 14:44:12','2025-11-25 14:44:12');
INSERT INTO `student` VALUES (369,'20230501010312','赵312',1,'050101',10,'13840000312',0,4,17,505,4,'2025-11-25 14:44:12',1,'2025-11-25 14:44:12','2025-11-25 14:44:12');
INSERT INTO `student` VALUES (370,'20230501010313','赵313',1,'050101',10,'13840000313',0,4,17,505,5,'2025-11-25 14:44:12',1,'2025-11-25 14:44:12','2025-11-25 14:44:12');
INSERT INTO `student` VALUES (371,'20230501010314','赵314',1,'050101',10,'13840000314',0,4,17,505,6,'2025-11-25 14:44:12',1,'2025-11-25 14:44:12','2025-11-25 14:44:12');
INSERT INTO `student` VALUES (372,'20230501010315','赵315',1,'050101',10,'13840000315',0,4,17,506,1,'2025-11-25 14:44:12',1,'2025-11-25 14:44:12','2025-11-25 14:44:12');
INSERT INTO `student` VALUES (373,'20230501010316','赵316',1,'050101',10,'13840000316',0,4,17,506,2,'2025-11-25 14:44:12',1,'2025-11-25 14:44:12','2025-11-25 14:44:12');
INSERT INTO `student` VALUES (374,'20230501010317','赵317',1,'050101',10,'13840000317',0,4,17,506,3,'2025-11-25 14:44:12',1,'2025-11-25 14:44:12','2025-11-25 14:44:12');
INSERT INTO `student` VALUES (375,'20230501010318','赵318',1,'050101',10,'13840000318',0,4,17,506,4,'2025-11-25 14:44:12',1,'2025-11-25 14:44:12','2025-11-25 14:44:12');
INSERT INTO `student` VALUES (376,'20230501010319','赵319',1,'050101',10,'13840000319',0,4,17,506,5,'2025-11-25 14:44:12',1,'2025-11-25 14:44:12','2025-11-25 14:44:12');
INSERT INTO `student` VALUES (377,'20230501010320','赵320',1,'050101',10,'13840000320',0,4,17,506,6,'2025-11-25 14:44:12',1,'2025-11-25 14:44:12','2025-11-25 14:44:12');
INSERT INTO `student` VALUES (381,'202399990321','通321',0,'080901',1,'13850000321',0,1,4,94,1,'2025-11-25 14:44:12',1,'2025-11-25 14:44:12','2025-12-03 10:45:10');
INSERT INTO `student` VALUES (382,'202399990322','通322',0,'080901',1,'13850000322',0,1,4,94,2,'2025-11-25 14:44:12',1,'2025-11-25 14:44:12','2025-11-25 14:44:12');
INSERT INTO `student` VALUES (383,'202399990323','通323',0,'080901',1,'13850000323',0,1,4,94,3,'2025-11-25 14:44:12',1,'2025-11-25 14:44:12','2025-11-25 14:44:12');
INSERT INTO `student` VALUES (384,'202399990324','通324',0,'080901',1,'13850000324',0,1,4,94,4,'2025-11-25 14:44:12',1,'2025-11-25 14:44:12','2025-11-25 14:44:12');
INSERT INTO `student` VALUES (385,'202399990325','通325',0,'080901',1,'13850000325',0,1,4,94,5,'2025-11-25 14:44:12',1,'2025-11-25 14:44:12','2025-11-25 14:44:12');
INSERT INTO `student` VALUES (386,'202399990326','通326',0,'080901',1,'13850000326',0,1,4,94,6,'2025-11-25 14:44:12',1,'2025-11-25 14:44:12','2025-11-25 14:44:12');
INSERT INTO `student` VALUES (387,'202399990327','通327',0,'080901',1,'13850000327',0,1,4,95,1,'2025-11-25 14:44:12',1,'2025-11-25 14:44:12','2025-11-25 14:44:12');
INSERT INTO `student` VALUES (388,'202399990328','通328',0,'080901',1,'13850000328',0,1,4,95,2,'2025-11-25 14:44:12',1,'2025-11-25 14:44:12','2025-11-25 14:44:12');
INSERT INTO `student` VALUES (389,'202399990329','通329',0,'080901',1,'13850000329',0,1,4,95,3,'2025-11-25 14:44:12',1,'2025-11-25 14:44:12','2025-11-25 14:44:12');
INSERT INTO `student` VALUES (390,'202399990330','通330',0,'080901',1,'13850000330',0,1,4,95,4,'2025-11-25 14:44:12',1,'2025-11-25 14:44:12','2025-11-25 14:44:12');
INSERT INTO `student` VALUES (391,'202399990331','通331',0,'080901',1,'13850000331',0,1,4,95,5,'2025-11-25 14:44:12',1,'2025-11-25 14:44:12','2025-11-25 14:44:12');
INSERT INTO `student` VALUES (392,'202399990332','通332',0,'080901',1,'13850000332',0,1,4,95,6,'2025-11-25 14:44:12',1,'2025-11-25 14:44:12','2025-11-25 14:44:12');
INSERT INTO `student` VALUES (393,'202399990333','通333',0,'080901',1,'13850000333',0,1,4,96,1,'2025-11-25 14:44:12',1,'2025-11-25 14:44:12','2025-11-25 14:44:12');
INSERT INTO `student` VALUES (394,'202399990334','通334',0,'080901',1,'13850000334',0,1,4,96,2,'2025-11-25 14:44:12',1,'2025-11-25 14:44:12','2025-11-25 14:44:12');
INSERT INTO `student` VALUES (395,'202399990335','通335',0,'080901',1,'13850000335',0,1,4,96,3,'2025-11-25 14:44:12',1,'2025-11-25 14:44:12','2025-11-25 14:44:12');
INSERT INTO `student` VALUES (396,'202399990336','通336',0,'080901',1,'13850000336',0,1,4,96,4,'2025-11-25 14:44:12',1,'2025-11-25 14:44:12','2025-11-25 14:44:12');
INSERT INTO `student` VALUES (397,'202399990337','通337',0,'080901',1,'13850000337',0,1,4,96,5,'2025-11-25 14:44:12',1,'2025-11-25 14:44:12','2025-11-25 14:44:12');
INSERT INTO `student` VALUES (398,'202399990338','通338',0,'080901',1,'13850000338',0,1,4,96,6,'2025-11-25 14:44:12',1,'2025-11-25 14:44:12','2025-11-25 14:44:12');
INSERT INTO `student` VALUES (399,'202399990339','通339',0,'080901',1,'13850000339',0,1,4,97,1,'2025-11-25 14:44:12',1,'2025-11-25 14:44:12','2025-11-25 14:44:12');
INSERT INTO `student` VALUES (400,'202399990340','通340',0,'080901',1,'13850000340',0,1,4,97,2,'2025-11-25 14:44:12',1,'2025-11-25 14:44:12','2025-11-25 14:44:12');
INSERT INTO `student` VALUES (401,'202399990341','通341',0,'080901',1,'13850000341',0,1,4,97,3,'2025-11-25 14:44:12',1,'2025-11-25 14:44:12','2025-11-25 14:44:12');
INSERT INTO `student` VALUES (402,'202399990342','通342',0,'080901',1,'13850000342',0,1,4,97,4,'2025-11-25 14:44:12',1,'2025-11-25 14:44:12','2025-11-25 14:44:12');
INSERT INTO `student` VALUES (403,'202399990343','通343',0,'080901',1,'13850000343',0,1,4,97,5,'2025-11-25 14:44:12',1,'2025-11-25 14:44:12','2025-11-25 14:44:12');
INSERT INTO `student` VALUES (404,'202399990344','通344',0,'080901',1,'13850000344',0,1,4,97,6,'2025-11-25 14:44:12',1,'2025-11-25 14:44:12','2025-11-25 14:44:12');
INSERT INTO `student` VALUES (405,'202399990345','通345',0,'080901',1,'13850000345',0,1,4,98,1,'2025-11-25 14:44:12',1,'2025-11-25 14:44:12','2025-11-25 14:44:12');
INSERT INTO `student` VALUES (406,'202399990346','通346',0,'080901',1,'13850000346',0,1,4,98,2,'2025-11-25 14:44:12',1,'2025-11-25 14:44:12','2025-11-25 14:44:12');
INSERT INTO `student` VALUES (407,'202399990347','通347',0,'080901',1,'13850000347',0,1,4,98,3,'2025-11-25 14:44:12',1,'2025-11-25 14:44:12','2025-11-25 14:44:12');
INSERT INTO `student` VALUES (408,'202399990348','通348',0,'080901',1,'13850000348',0,1,4,98,4,'2025-11-25 14:44:12',1,'2025-11-25 14:44:12','2025-11-25 14:44:12');
INSERT INTO `student` VALUES (409,'202399990349','通349',0,'080901',1,'13850000349',0,1,4,98,5,'2025-11-25 14:44:12',1,'2025-11-25 14:44:12','2025-11-25 14:44:12');
INSERT INTO `student` VALUES (410,'202399990350','通350',0,'080901',1,'13850000350',0,1,4,98,6,'2025-11-25 14:44:12',1,'2025-11-25 14:44:12','2025-11-25 14:44:12');
INSERT INTO `student` VALUES (411,'202399990351','通351',0,'080901',1,'13850000351',0,1,4,99,1,'2025-11-25 14:44:12',1,'2025-11-25 14:44:12','2025-11-25 14:44:12');
INSERT INTO `student` VALUES (412,'202399990352','通352',0,'080901',1,'13850000352',0,1,4,99,2,'2025-11-25 14:44:12',1,'2025-11-25 14:44:12','2025-11-25 14:44:12');
INSERT INTO `student` VALUES (413,'202399990353','通353',0,'080901',1,'13850000353',0,1,4,99,3,'2025-11-25 14:44:12',1,'2025-11-25 14:44:12','2025-11-25 14:44:12');
INSERT INTO `student` VALUES (414,'202399990354','通354',0,'080901',1,'13850000354',0,1,4,99,4,'2025-11-25 14:44:12',1,'2025-11-25 14:44:12','2025-11-25 14:44:12');
INSERT INTO `student` VALUES (415,'202399990355','通355',0,'080901',1,'13850000355',0,1,4,99,5,'2025-11-25 14:44:12',1,'2025-11-25 14:44:12','2025-11-25 14:44:12');
INSERT INTO `student` VALUES (416,'202399990356','通356',0,'080901',1,'13850000356',0,1,4,99,6,'2025-11-25 14:44:12',1,'2025-11-25 14:44:12','2025-11-25 14:44:12');
INSERT INTO `student` VALUES (417,'202399990357','通357',0,'080901',1,'13850000357',0,1,4,100,1,'2025-11-25 14:44:12',1,'2025-11-25 14:44:12','2025-11-25 14:44:12');
INSERT INTO `student` VALUES (418,'202399990358','通358',0,'080901',1,'13850000358',0,1,4,100,2,'2025-11-25 14:44:12',1,'2025-11-25 14:44:12','2025-11-25 14:44:12');
INSERT INTO `student` VALUES (419,'202399990359','通359',0,'080901',1,'13850000359',0,1,4,100,3,'2025-11-25 14:44:12',1,'2025-11-25 14:44:12','2025-11-25 14:44:12');
INSERT INTO `student` VALUES (420,'202399990360','通360',0,'080901',1,'13850000360',0,1,4,100,4,'2025-11-25 14:44:12',1,'2025-11-25 14:44:12','2025-11-25 14:44:12');
INSERT INTO `student` VALUES (461,'3222442','测试',0,'050101',10,'15478788787',100,1,1,1,1,'2025-12-07 12:42:18',1,'2025-12-07 12:42:18','2025-12-07 16:57:40');
/*!40103 SET TIME_ZONE=@OLD_TIME_ZONE */;

/*!40101 SET SQL_MODE=@OLD_SQL_MODE */;
/*!40014 SET FOREIGN_KEY_CHECKS=@OLD_FOREIGN_KEY_CHECKS */;
/*!40014 SET UNIQUE_CHECKS=@OLD_UNIQUE_CHECKS */;
/*!40101 SET CHARACTER_SET_CLIENT=@OLD_CHARACTER_SET_CLIENT */;
/*!40101 SET CHARACTER_SET_RESULTS=@OLD_CHARACTER_SET_RESULTS */;
/*!40101 SET COLLATION_CONNECTION=@OLD_COLLATION_CONNECTION */;
/*!40111 SET SQL_NOTES=@OLD_SQL_NOTES */;

-- Dump completed on 2025-12-07 19:41:26
